0,0,0,25.297415564,-124.138676377
0,0,1,25.297415564,-122.984591131
0,0,2,25.297415564,-121.830505885
0,0,3,25.297415564,-120.676420639
0,0,4,25.297415564,-119.522335393
0,0,5,25.297415564,-118.368250147
0,0,6,25.297415564,-117.214164901
0,0,7,25.297415564,-116.060079655
0,0,8,25.297415564,-114.905994409
0,0,9,25.297415564,-113.751909163
0,0,10,25.297415564,-112.597823917
0,0,11,25.297415564,-111.443738671
0,0,12,25.297415564,-110.289653425
0,0,13,25.297415564,-109.135568179
0,0,14,25.297415564,-107.981482933
0,0,15,25.297415564,-106.827397687
0,0,16,25.297415564,-105.673312441
0,0,17,25.297415564,-104.519227195
0,0,18,25.297415564,-103.365141949
0,0,19,25.297415564,-102.211056703
0,0,20,25.297415564,-101.056971457
0,0,21,25.297415564,-99.902886211
0,0,22,25.297415564,-98.748800965
0,0,23,25.297415564,-97.594715719
0,0,24,25.297415564,-96.440630473
0,0,25,25.297415564,-95.286545227
0,0,26,25.297415564,-94.132459981
0,0,27,25.297415564,-92.978374735
0,0,28,25.297415564,-91.824289489
0,0,29,25.297415564,-90.670204243
0,0,30,25.297415564,-89.516118997
0,0,31,25.297415564,-88.362033751
0,0,32,25.297415564,-87.207948505
0,0,33,25.297415564,-86.053863259
0,0,34,25.297415564,-84.899778013
0,0,35,25.297415564,-83.745692767
0,0,36,25.297415564,-82.591607521
116,0,37,25.297415564,-81.437522275
217,0,38,25.297415564,-80.283437029
0,0,39,25.297415564,-79.129351783
0,0,40,25.297415564,-77.975266537
0,0,41,25.297415564,-76.821181291
0,0,42,25.297415564,-75.667096045
0,0,43,25.297415564,-74.513010799
0,0,44,25.297415564,-73.358925553
0,0,45,25.297415564,-72.204840307
0,0,46,25.297415564,-71.050755061
0,0,47,25.297415564,-69.896669815
0,0,48,25.297415564,-68.742584569
0,0,49,25.297415564,-67.588499323
0,1,0,25.783309092,-124.138676377
0,1,1,25.783309092,-122.984591131
0,1,2,25.783309092,-121.830505885
0,1,3,25.783309092,-120.676420639
0,1,4,25.783309092,-119.522335393
0,1,5,25.783309092,-118.368250147
0,1,6,25.783309092,-117.214164901
0,1,7,25.783309092,-116.060079655
0,1,8,25.783309092,-114.905994409
0,1,9,25.783309092,-113.751909163
0,1,10,25.783309092,-112.597823917
0,1,11,25.783309092,-111.443738671
0,1,12,25.783309092,-110.289653425
0,1,13,25.783309092,-109.135568179
0,1,14,25.783309092,-107.981482933
0,1,15,25.783309092,-106.827397687
0,1,16,25.783309092,-105.673312441
0,1,17,25.783309092,-104.519227195
0,1,18,25.783309092,-103.365141949
0,1,19,25.783309092,-102.211056703
0,1,20,25.783309092,-101.056971457
0,1,21,25.783309092,-99.902886211
0,1,22,25.783309092,-98.748800965
52,1,23,25.783309092,-97.594715719
0,1,24,25.783309092,-96.440630473
0,1,25,25.783309092,-95.286545227
0,1,26,25.783309092,-94.132459981
0,1,27,25.783309092,-92.978374735
0,1,28,25.783309092,-91.824289489
0,1,29,25.783309092,-90.670204243
0,1,30,25.783309092,-89.516118997
0,1,31,25.783309092,-88.362033751
0,1,32,25.783309092,-87.207948505
0,1,33,25.783309092,-86.053863259
0,1,34,25.783309092,-84.899778013
0,1,35,25.783309092,-83.745692767
0,1,36,25.783309092,-82.591607521
283,1,37,25.783309092,-81.437522275
363,1,38,25.783309092,-80.283437029
0,1,39,25.783309092,-79.129351783
0,1,40,25.783309092,-77.975266537
0,1,41,25.783309092,-76.821181291
0,1,42,25.783309092,-75.667096045
0,1,43,25.783309092,-74.513010799
0,1,44,25.783309092,-73.358925553
0,1,45,25.783309092,-72.204840307
0,1,46,25.783309092,-71.050755061
0,1,47,25.783309092,-69.896669815
0,1,48,25.783309092,-68.742584569
0,1,49,25.783309092,-67.588499323
0,2,0,26.26920262,-124.138676377
0,2,1,26.26920262,-122.984591131
0,2,2,26.26920262,-121.830505885
0,2,3,26.26920262,-120.676420639
0,2,4,26.26920262,-119.522335393
0,2,5,26.26920262,-118.368250147
0,2,6,26.26920262,-117.214164901
0,2,7,26.26920262,-116.060079655
0,2,8,26.26920262,-114.905994409
0,2,9,26.26920262,-113.751909163
0,2,10,26.26920262,-112.597823917
0,2,11,26.26920262,-111.443738671
0,2,12,26.26920262,-110.289653425
0,2,13,26.26920262,-109.135568179
0,2,14,26.26920262,-107.981482933
0,2,15,26.26920262,-106.827397687
0,2,16,26.26920262,-105.673312441
0,2,17,26.26920262,-104.519227195
0,2,18,26.26920262,-103.365141949
0,2,19,26.26920262,-102.211056703
0,2,20,26.26920262,-101.056971457
0,2,21,26.26920262,-99.902886211
265,2,22,26.26920262,-98.748800965
437,2,23,26.26920262,-97.594715719
0,2,24,26.26920262,-96.440630473
0,2,25,26.26920262,-95.286545227
0,2,26,26.26920262,-94.132459981
0,2,27,26.26920262,-92.978374735
0,2,28,26.26920262,-91.824289489
0,2,29,26.26920262,-90.670204243
0,2,30,26.26920262,-89.516118997
0,2,31,26.26920262,-88.362033751
0,2,32,26.26920262,-87.207948505
0,2,33,26.26920262,-86.053863259
0,2,34,26.26920262,-84.899778013
0,2,35,26.26920262,-83.745692767
1,2,36,26.26920262,-82.591607521
534,2,37,26.26920262,-81.437522275
427,2,38,26.26920262,-80.283437029
0,2,39,26.26920262,-79.129351783
0,2,40,26.26920262,-77.975266537
0,2,41,26.26920262,-76.821181291
0,2,42,26.26920262,-75.667096045
0,2,43,26.26920262,-74.513010799
0,2,44,26.26920262,-73.358925553
0,2,45,26.26920262,-72.204840307
0,2,46,26.26920262,-71.050755061
0,2,47,26.26920262,-69.896669815
0,2,48,26.26920262,-68.742584569
0,2,49,26.26920262,-67.588499323
0,3,0,26.755096148,-124.138676377
0,3,1,26.755096148,-122.984591131
0,3,2,26.755096148,-121.830505885
0,3,3,26.755096148,-120.676420639
0,3,4,26.755096148,-119.522335393
0,3,5,26.755096148,-118.368250147
0,3,6,26.755096148,-117.214164901
0,3,7,26.755096148,-116.060079655
0,3,8,26.755096148,-114.905994409
0,3,9,26.755096148,-113.751909163
0,3,10,26.755096148,-112.597823917
0,3,11,26.755096148,-111.443738671
0,3,12,26.755096148,-110.289653425
0,3,13,26.755096148,-109.135568179
0,3,14,26.755096148,-107.981482933
0,3,15,26.755096148,-106.827397687
0,3,16,26.755096148,-105.673312441
0,3,17,26.755096148,-104.519227195
0,3,18,26.755096148,-103.365141949
0,3,19,26.755096148,-102.211056703
0,3,20,26.755096148,-101.056971457
3,3,21,26.755096148,-99.902886211
599,3,22,26.755096148,-98.748800965
387,3,23,26.755096148,-97.594715719
0,3,24,26.755096148,-96.440630473
0,3,25,26.755096148,-95.286545227
0,3,26,26.755096148,-94.132459981
0,3,27,26.755096148,-92.978374735
0,3,28,26.755096148,-91.824289489
0,3,29,26.755096148,-90.670204243
0,3,30,26.755096148,-89.516118997
0,3,31,26.755096148,-88.362033751
0,3,32,26.755096148,-87.207948505
0,3,33,26.755096148,-86.053863259
0,3,34,26.755096148,-84.899778013
0,3,35,26.755096148,-83.745692767
68,3,36,26.755096148,-82.591607521
634,3,37,26.755096148,-81.437522275
440,3,38,26.755096148,-80.283437029
0,3,39,26.755096148,-79.129351783
0,3,40,26.755096148,-77.975266537
0,3,41,26.755096148,-76.821181291
0,3,42,26.755096148,-75.667096045
0,3,43,26.755096148,-74.513010799
0,3,44,26.755096148,-73.358925553
0,3,45,26.755096148,-72.204840307
0,3,46,26.755096148,-71.050755061
0,3,47,26.755096148,-69.896669815
0,3,48,26.755096148,-68.742584569
0,3,49,26.755096148,-67.588499323
0,4,0,27.240989676,-124.138676377
0,4,1,27.240989676,-122.984591131
0,4,2,27.240989676,-121.830505885
0,4,3,27.240989676,-120.676420639
0,4,4,27.240989676,-119.522335393
0,4,5,27.240989676,-118.368250147
0,4,6,27.240989676,-117.214164901
0,4,7,27.240989676,-116.060079655
0,4,8,27.240989676,-114.905994409
0,4,9,27.240989676,-113.751909163
0,4,10,27.240989676,-112.597823917
0,4,11,27.240989676,-111.443738671
0,4,12,27.240989676,-110.289653425
0,4,13,27.240989676,-109.135568179
0,4,14,27.240989676,-107.981482933
0,4,15,27.240989676,-106.827397687
0,4,16,27.240989676,-105.673312441
0,4,17,27.240989676,-104.519227195
0,4,18,27.240989676,-103.365141949
0,4,19,27.240989676,-102.211056703
0,4,20,27.240989676,-101.056971457
77,4,21,27.240989676,-99.902886211
634,4,22,27.240989676,-98.748800965
388,4,23,27.240989676,-97.594715719
0,4,24,27.240989676,-96.440630473
0,4,25,27.240989676,-95.286545227
0,4,26,27.240989676,-94.132459981
0,4,27,27.240989676,-92.978374735
0,4,28,27.240989676,-91.824289489
0,4,29,27.240989676,-90.670204243
0,4,30,27.240989676,-89.516118997
0,4,31,27.240989676,-88.362033751
0,4,32,27.240989676,-87.207948505
0,4,33,27.240989676,-86.053863259
0,4,34,27.240989676,-84.899778013
0,4,35,27.240989676,-83.745692767
275,4,36,27.240989676,-82.591607521
634,4,37,27.240989676,-81.437522275
351,4,38,27.240989676,-80.283437029
0,4,39,27.240989676,-79.129351783
0,4,40,27.240989676,-77.975266537
0,4,41,27.240989676,-76.821181291
0,4,42,27.240989676,-75.667096045
0,4,43,27.240989676,-74.513010799
0,4,44,27.240989676,-73.358925553
0,4,45,27.240989676,-72.204840307
0,4,46,27.240989676,-71.050755061
0,4,47,27.240989676,-69.896669815
0,4,48,27.240989676,-68.742584569
0,4,49,27.240989676,-67.588499323
0,5,0,27.726883204,-124.138676377
0,5,1,27.726883204,-122.984591131
0,5,2,27.726883204,-121.830505885
0,5,3,27.726883204,-120.676420639
0,5,4,27.726883204,-119.522335393
0,5,5,27.726883204,-118.368250147
0,5,6,27.726883204,-117.214164901
0,5,7,27.726883204,-116.060079655
0,5,8,27.726883204,-114.905994409
0,5,9,27.726883204,-113.751909163
0,5,10,27.726883204,-112.597823917
0,5,11,27.726883204,-111.443738671
0,5,12,27.726883204,-110.289653425
0,5,13,27.726883204,-109.135568179
0,5,14,27.726883204,-107.981482933
0,5,15,27.726883204,-106.827397687
0,5,16,27.726883204,-105.673312441
0,5,17,27.726883204,-104.519227195
0,5,18,27.726883204,-103.365141949
0,5,19,27.726883204,-102.211056703
0,5,20,27.726883204,-101.056971457
230,5,21,27.726883204,-99.902886211
640,5,22,27.726883204,-98.748800965
504,5,23,27.726883204,-97.594715719
3,5,24,27.726883204,-96.440630473
0,5,25,27.726883204,-95.286545227
0,5,26,27.726883204,-94.132459981
0,5,27,27.726883204,-92.978374735
0,5,28,27.726883204,-91.824289489
0,5,29,27.726883204,-90.670204243
0,5,30,27.726883204,-89.516118997
0,5,31,27.726883204,-88.362033751
0,5,32,27.726883204,-87.207948505
0,5,33,27.726883204,-86.053863259
0,5,34,27.726883204,-84.899778013
0,5,35,27.726883204,-83.745692767
322,5,36,27.726883204,-82.591607521
644,5,37,27.726883204,-81.437522275
244,5,38,27.726883204,-80.283437029
0,5,39,27.726883204,-79.129351783
0,5,40,27.726883204,-77.975266537
0,5,41,27.726883204,-76.821181291
0,5,42,27.726883204,-75.667096045
0,5,43,27.726883204,-74.513010799
0,5,44,27.726883204,-73.358925553
0,5,45,27.726883204,-72.204840307
0,5,46,27.726883204,-71.050755061
0,5,47,27.726883204,-69.896669815
0,5,48,27.726883204,-68.742584569
0,5,49,27.726883204,-67.588499323
0,6,0,28.212776732,-124.138676377
0,6,1,28.212776732,-122.984591131
0,6,2,28.212776732,-121.830505885
0,6,3,28.212776732,-120.676420639
0,6,4,28.212776732,-119.522335393
0,6,5,28.212776732,-118.368250147
0,6,6,28.212776732,-117.214164901
0,6,7,28.212776732,-116.060079655
0,6,8,28.212776732,-114.905994409
0,6,9,28.212776732,-113.751909163
0,6,10,28.212776732,-112.597823917
0,6,11,28.212776732,-111.443738671
0,6,12,28.212776732,-110.289653425
0,6,13,28.212776732,-109.135568179
0,6,14,28.212776732,-107.981482933
0,6,15,28.212776732,-106.827397687
0,6,16,28.212776732,-105.673312441
0,6,17,28.212776732,-104.519227195
0,6,18,28.212776732,-103.365141949
0,6,19,28.212776732,-102.211056703
0,6,20,28.212776732,-101.056971457
470,6,21,28.212776732,-99.902886211
641,6,22,28.212776732,-98.748800965
624,6,23,28.212776732,-97.594715719
143,6,24,28.212776732,-96.440630473
0,6,25,28.212776732,-95.286545227
0,6,26,28.212776732,-94.132459981
0,6,27,28.212776732,-92.978374735
0,6,28,28.212776732,-91.824289489
0,6,29,28.212776732,-90.670204243
0,6,30,28.212776732,-89.516118997
0,6,31,28.212776732,-88.362033751
0,6,32,28.212776732,-87.207948505
0,6,33,28.212776732,-86.053863259
0,6,34,28.212776732,-84.899778013
0,6,35,28.212776732,-83.745692767
415,6,36,28.212776732,-82.591607521
640,6,37,28.212776732,-81.437522275
120,6,38,28.212776732,-80.283437029
0,6,39,28.212776732,-79.129351783
0,6,40,28.212776732,-77.975266537
0,6,41,28.212776732,-76.821181291
0,6,42,28.212776732,-75.667096045
0,6,43,28.212776732,-74.513010799
0,6,44,28.212776732,-73.358925553
0,6,45,28.212776732,-72.204840307
0,6,46,28.212776732,-71.050755061
0,6,47,28.212776732,-69.896669815
0,6,48,28.212776732,-68.742584569
0,6,49,28.212776732,-67.588499323
0,7,0,28.69867026,-124.138676377
0,7,1,28.69867026,-122.984591131
0,7,2,28.69867026,-121.830505885
0,7,3,28.69867026,-120.676420639
0,7,4,28.69867026,-119.522335393
0,7,5,28.69867026,-118.368250147
0,7,6,28.69867026,-117.214164901
0,7,7,28.69867026,-116.060079655
0,7,8,28.69867026,-114.905994409
0,7,9,28.69867026,-113.751909163
0,7,10,28.69867026,-112.597823917
0,7,11,28.69867026,-111.443738671
0,7,12,28.69867026,-110.289653425
0,7,13,28.69867026,-109.135568179
0,7,14,28.69867026,-107.981482933
0,7,15,28.69867026,-106.827397687
0,7,16,28.69867026,-105.673312441
0,7,17,28.69867026,-104.519227195
0,7,18,28.69867026,-103.365141949
0,7,19,28.69867026,-102.211056703
23,7,20,28.69867026,-101.056971457
622,7,21,28.69867026,-99.902886211
643,7,22,28.69867026,-98.748800965
631,7,23,28.69867026,-97.594715719
495,7,24,28.69867026,-96.440630473
92,7,25,28.69867026,-95.286545227
0,7,26,28.69867026,-94.132459981
0,7,27,28.69867026,-92.978374735
0,7,28,28.69867026,-91.824289489
0,7,29,28.69867026,-90.670204243
0,7,30,28.69867026,-89.516118997
0,7,31,28.69867026,-88.362033751
0,7,32,28.69867026,-87.207948505
0,7,33,28.69867026,-86.053863259
0,7,34,28.69867026,-84.899778013
0,7,35,28.69867026,-83.745692767
348,7,36,28.69867026,-82.591607521
648,7,37,28.69867026,-81.437522275
60,7,38,28.69867026,-80.283437029
0,7,39,28.69867026,-79.129351783
0,7,40,28.69867026,-77.975266537
0,7,41,28.69867026,-76.821181291
0,7,42,28.69867026,-75.667096045
0,7,43,28.69867026,-74.513010799
0,7,44,28.69867026,-73.358925553
0,7,45,28.69867026,-72.204840307
0,7,46,28.69867026,-71.050755061
0,7,47,28.69867026,-69.896669815
0,7,48,28.69867026,-68.742584569
0,7,49,28.69867026,-67.588499323
0,8,0,29.184563788,-124.138676377
0,8,1,29.184563788,-122.984591131
0,8,2,29.184563788,-121.830505885
0,8,3,29.184563788,-120.676420639
0,8,4,29.184563788,-119.522335393
0,8,5,29.184563788,-118.368250147
0,8,6,29.184563788,-117.214164901
0,8,7,29.184563788,-116.060079655
0,8,8,29.184563788,-114.905994409
0,8,9,29.184563788,-113.751909163
0,8,10,29.184563788,-112.597823917
0,8,11,29.184563788,-111.443738671
0,8,12,29.184563788,-110.289653425
0,8,13,29.184563788,-109.135568179
0,8,14,29.184563788,-107.981482933
0,8,15,29.184563788,-106.827397687
0,8,16,29.184563788,-105.673312441
19,8,17,29.184563788,-104.519227195
363,8,18,29.184563788,-103.365141949
0,8,19,29.184563788,-102.211056703
168,8,20,29.184563788,-101.056971457
645,8,21,29.184563788,-99.902886211
643,8,22,29.184563788,-98.748800965
642,8,23,29.184563788,-97.594715719
644,8,24,29.184563788,-96.440630473
445,8,25,29.184563788,-95.286545227
0,8,26,29.184563788,-94.132459981
0,8,27,29.184563788,-92.978374735
4,8,28,29.184563788,-91.824289489
235,8,29,29.184563788,-90.670204243
157,8,30,29.184563788,-89.516118997
0,8,31,29.184563788,-88.362033751
0,8,32,29.184563788,-87.207948505
0,8,33,29.184563788,-86.053863259
0,8,34,29.184563788,-84.899778013
3,8,35,29.184563788,-83.745692767
525,8,36,29.184563788,-82.591607521
567,8,37,29.184563788,-81.437522275
0,8,38,29.184563788,-80.283437029
0,8,39,29.184563788,-79.129351783
0,8,40,29.184563788,-77.975266537
0,8,41,29.184563788,-76.821181291
0,8,42,29.184563788,-75.667096045
0,8,43,29.184563788,-74.513010799
0,8,44,29.184563788,-73.358925553
0,8,45,29.184563788,-72.204840307
0,8,46,29.184563788,-71.050755061
0,8,47,29.184563788,-69.896669815
0,8,48,29.184563788,-68.742584569
0,8,49,29.184563788,-67.588499323
0,9,0,29.670457316,-124.138676377
0,9,1,29.670457316,-122.984591131
0,9,2,29.670457316,-121.830505885
0,9,3,29.670457316,-120.676420639
0,9,4,29.670457316,-119.522335393
0,9,5,29.670457316,-118.368250147
0,9,6,29.670457316,-117.214164901
0,9,7,29.670457316,-116.060079655
0,9,8,29.670457316,-114.905994409
0,9,9,29.670457316,-113.751909163
0,9,10,29.670457316,-112.597823917
0,9,11,29.670457316,-111.443738671
0,9,12,29.670457316,-110.289653425
0,9,13,29.670457316,-109.135568179
0,9,14,29.670457316,-107.981482933
0,9,15,29.670457316,-106.827397687
0,9,16,29.670457316,-105.673312441
290,9,17,29.670457316,-104.519227195
638,9,18,29.670457316,-103.365141949
167,9,19,29.670457316,-102.211056703
498,9,20,29.670457316,-101.056971457
641,9,21,29.670457316,-99.902886211
644,9,22,29.670457316,-98.748800965
641,9,23,29.670457316,-97.594715719
639,9,24,29.670457316,-96.440630473
552,9,25,29.670457316,-95.286545227
350,9,26,29.670457316,-94.132459981
285,9,27,29.670457316,-92.978374735
375,9,28,29.670457316,-91.824289489
633,9,29,29.670457316,-90.670204243
266,9,30,29.670457316,-89.516118997
0,9,31,29.670457316,-88.362033751
0,9,32,29.670457316,-87.207948505
0,9,33,29.670457316,-86.053863259
139,9,34,29.670457316,-84.899778013
167,9,35,29.670457316,-83.745692767
640,9,36,29.670457316,-82.591607521
434,9,37,29.670457316,-81.437522275
0,9,38,29.670457316,-80.283437029
0,9,39,29.670457316,-79.129351783
0,9,40,29.670457316,-77.975266537
0,9,41,29.670457316,-76.821181291
0,9,42,29.670457316,-75.667096045
0,9,43,29.670457316,-74.513010799
0,9,44,29.670457316,-73.358925553
0,9,45,29.670457316,-72.204840307
0,9,46,29.670457316,-71.050755061
0,9,47,29.670457316,-69.896669815
0,9,48,29.670457316,-68.742584569
0,9,49,29.670457316,-67.588499323
0,10,0,30.156350844,-124.138676377
0,10,1,30.156350844,-122.984591131
0,10,2,30.156350844,-121.830505885
0,10,3,30.156350844,-120.676420639
0,10,4,30.156350844,-119.522335393
0,10,5,30.156350844,-118.368250147
0,10,6,30.156350844,-117.214164901
0,10,7,30.156350844,-116.060079655
0,10,8,30.156350844,-114.905994409
0,10,9,30.156350844,-113.751909163
0,10,10,30.156350844,-112.597823917
0,10,11,30.156350844,-111.443738671
0,10,12,30.156350844,-110.289653425
0,10,13,30.156350844,-109.135568179
0,10,14,30.156350844,-107.981482933
0,10,15,30.156350844,-106.827397687
0,10,16,30.156350844,-105.673312441
423,10,17,30.156350844,-104.519227195
635,10,18,30.156350844,-103.365141949
649,10,19,30.156350844,-102.211056703
637,10,20,30.156350844,-101.056971457
636,10,21,30.156350844,-99.902886211
637,10,22,30.156350844,-98.748800965
639,10,23,30.156350844,-97.594715719
637,10,24,30.156350844,-96.440630473
639,10,25,30.156350844,-95.286545227
633,10,26,30.156350844,-94.132459981
641,10,27,30.156350844,-92.978374735
647,10,28,30.156350844,-91.824289489
544,10,29,30.156350844,-90.670204243
249,10,30,30.156350844,-89.516118997
35,10,31,30.156350844,-88.362033751
60,10,32,30.156350844,-87.207948505
152,10,33,30.156350844,-86.053863259
623,10,34,30.156350844,-84.899778013
543,10,35,30.156350844,-83.745692767
637,10,36,30.156350844,-82.591607521
345,10,37,30.156350844,-81.437522275
0,10,38,30.156350844,-80.283437029
0,10,39,30.156350844,-79.129351783
0,10,40,30.156350844,-77.975266537
0,10,41,30.156350844,-76.821181291
0,10,42,30.156350844,-75.667096045
0,10,43,30.156350844,-74.513010799
0,10,44,30.156350844,-73.358925553
0,10,45,30.156350844,-72.204840307
0,10,46,30.156350844,-71.050755061
0,10,47,30.156350844,-69.896669815
0,10,48,30.156350844,-68.742584569
0,10,49,30.156350844,-67.588499323
0,11,0,30.642244372,-124.138676377
0,11,1,30.642244372,-122.984591131
0,11,2,30.642244372,-121.830505885
0,11,3,30.642244372,-120.676420639
0,11,4,30.642244372,-119.522335393
0,11,5,30.642244372,-118.368250147
0,11,6,30.642244372,-117.214164901
0,11,7,30.642244372,-116.060079655
0,11,8,30.642244372,-114.905994409
0,11,9,30.642244372,-113.751909163
0,11,10,30.642244372,-112.597823917
0,11,11,30.642244372,-111.443738671
0,11,12,30.642244372,-110.289653425
0,11,13,30.642244372,-109.135568179
0,11,14,30.642244372,-107.981482933
0,11,15,30.642244372,-106.827397687
34,11,16,30.642244372,-105.673312441
577,11,17,30.642244372,-104.519227195
644,11,18,30.642244372,-103.365141949
643,11,19,30.642244372,-102.211056703
640,11,20,30.642244372,-101.056971457
636,11,21,30.642244372,-99.902886211
644,11,22,30.642244372,-98.748800965
642,11,23,30.642244372,-97.594715719
647,11,24,30.642244372,-96.440630473
643,11,25,30.642244372,-95.286545227
642,11,26,30.642244372,-94.132459981
640,11,27,30.642244372,-92.978374735
631,11,28,30.642244372,-91.824289489
640,11,29,30.642244372,-90.670204243
645,11,30,30.642244372,-89.516118997
586,11,31,30.642244372,-88.362033751
602,11,32,30.642244372,-87.207948505
600,11,33,30.642244372,-86.053863259
641,11,34,30.642244372,-84.899778013
640,11,35,30.642244372,-83.745692767
639,11,36,30.642244372,-82.591607521
296,11,37,30.642244372,-81.437522275
0,11,38,30.642244372,-80.283437029
0,11,39,30.642244372,-79.129351783
0,11,40,30.642244372,-77.975266537
0,11,41,30.642244372,-76.821181291
0,11,42,30.642244372,-75.667096045
0,11,43,30.642244372,-74.513010799
0,11,44,30.642244372,-73.358925553
0,11,45,30.642244372,-72.204840307
0,11,46,30.642244372,-71.050755061
0,11,47,30.642244372,-69.896669815
0,11,48,30.642244372,-68.742584569
0,11,49,30.642244372,-67.588499323
0,12,0,31.1281379,-124.138676377
0,12,1,31.1281379,-122.984591131
0,12,2,31.1281379,-121.830505885
0,12,3,31.1281379,-120.676420639
0,12,4,31.1281379,-119.522335393
0,12,5,31.1281379,-118.368250147
0,12,6,31.1281379,-117.214164901
0,12,7,31.1281379,-116.060079655
0,12,8,31.1281379,-114.905994409
0,12,9,31.1281379,-113.751909163
0,12,10,31.1281379,-112.597823917
12,12,11,31.1281379,-111.443738671
41,12,12,31.1281379,-110.289653425
37,12,13,31.1281379,-109.135568179
10,12,14,31.1281379,-107.981482933
0,12,15,31.1281379,-106.827397687
331,12,16,31.1281379,-105.673312441
642,12,17,31.1281379,-104.519227195
639,12,18,31.1281379,-103.365141949
640,12,19,31.1281379,-102.211056703
646,12,20,31.1281379,-101.056971457
643,12,21,31.1281379,-99.902886211
639,12,22,31.1281379,-98.748800965
642,12,23,31.1281379,-97.594715719
637,12,24,31.1281379,-96.440630473
639,12,25,31.1281379,-95.286545227
641,12,26,31.1281379,-94.132459981
641,12,27,31.1281379,-92.978374735
647,12,28,31.1281379,-91.824289489
643,12,29,31.1281379,-90.670204243
639,12,30,31.1281379,-89.516118997
641,12,31,31.1281379,-88.362033751
637,12,32,31.1281379,-87.207948505
637,12,33,31.1281379,-86.053863259
641,12,34,31.1281379,-84.899778013
643,12,35,31.1281379,-83.745692767
636,12,36,31.1281379,-82.591607521
328,12,37,31.1281379,-81.437522275
0,12,38,31.1281379,-80.283437029
0,12,39,31.1281379,-79.129351783
0,12,40,31.1281379,-77.975266537
0,12,41,31.1281379,-76.821181291
0,12,42,31.1281379,-75.667096045
0,12,43,31.1281379,-74.513010799
0,12,44,31.1281379,-73.358925553
0,12,45,31.1281379,-72.204840307
0,12,46,31.1281379,-71.050755061
0,12,47,31.1281379,-69.896669815
0,12,48,31.1281379,-68.742584569
0,12,49,31.1281379,-67.588499323
0,13,0,31.614031428,-124.138676377
0,13,1,31.614031428,-122.984591131
0,13,2,31.614031428,-121.830505885
0,13,3,31.614031428,-120.676420639
0,13,4,31.614031428,-119.522335393
0,13,5,31.614031428,-118.368250147
0,13,6,31.614031428,-117.214164901
0,13,7,31.614031428,-116.060079655
0,13,8,31.614031428,-114.905994409
0,13,9,31.614031428,-113.751909163
88,13,10,31.614031428,-112.597823917
506,13,11,31.614031428,-111.443738671
644,13,12,31.614031428,-110.289653425
640,13,13,31.614031428,-109.135568179
254,13,14,31.614031428,-107.981482933
123,13,15,31.614031428,-106.827397687
619,13,16,31.614031428,-105.673312441
638,13,17,31.614031428,-104.519227195
642,13,18,31.614031428,-103.365141949
644,13,19,31.614031428,-102.211056703
634,13,20,31.614031428,-101.056971457
645,13,21,31.614031428,-99.902886211
642,13,22,31.614031428,-98.748800965
637,13,23,31.614031428,-97.594715719
643,13,24,31.614031428,-96.440630473
641,13,25,31.614031428,-95.286545227
646,13,26,31.614031428,-94.132459981
638,13,27,31.614031428,-92.978374735
639,13,28,31.614031428,-91.824289489
644,13,29,31.614031428,-90.670204243
643,13,30,31.614031428,-89.516118997
642,13,31,31.614031428,-88.362033751
644,13,32,31.614031428,-87.207948505
638,13,33,31.614031428,-86.053863259
642,13,34,31.614031428,-84.899778013
635,13,35,31.614031428,-83.745692767
648,13,36,31.614031428,-82.591607521
458,13,37,31.614031428,-81.437522275
0,13,38,31.614031428,-80.283437029
0,13,39,31.614031428,-79.129351783
0,13,40,31.614031428,-77.975266537
0,13,41,31.614031428,-76.821181291
0,13,42,31.614031428,-75.667096045
0,13,43,31.614031428,-74.513010799
0,13,44,31.614031428,-73.358925553
0,13,45,31.614031428,-72.204840307
0,13,46,31.614031428,-71.050755061
0,13,47,31.614031428,-69.896669815
0,13,48,31.614031428,-68.742584569
0,13,49,31.614031428,-67.588499323
0,14,0,32.099924956,-124.138676377
0,14,1,32.099924956,-122.984591131
0,14,2,32.099924956,-121.830505885
0,14,3,32.099924956,-120.676420639
0,14,4,32.099924956,-119.522335393
0,14,5,32.099924956,-118.368250147
0,14,6,32.099924956,-117.214164901
0,14,7,32.099924956,-116.060079655
0,14,8,32.099924956,-114.905994409
229,14,9,32.099924956,-113.751909163
606,14,10,32.099924956,-112.597823917
647,14,11,32.099924956,-111.443738671
637,14,12,32.099924956,-110.289653425
643,14,13,32.099924956,-109.135568179
647,14,14,32.099924956,-107.981482933
636,14,15,32.099924956,-106.827397687
646,14,16,32.099924956,-105.673312441
640,14,17,32.099924956,-104.519227195
641,14,18,32.099924956,-103.365141949
643,14,19,32.099924956,-102.211056703
637,14,20,32.099924956,-101.056971457
636,14,21,32.099924956,-99.902886211
640,14,22,32.099924956,-98.748800965
644,14,23,32.099924956,-97.594715719
635,14,24,32.099924956,-96.440630473
639,14,25,32.099924956,-95.286545227
641,14,26,32.099924956,-94.132459981
641,14,27,32.099924956,-92.978374735
638,14,28,32.099924956,-91.824289489
640,14,29,32.099924956,-90.670204243
640,14,30,32.099924956,-89.516118997
636,14,31,32.099924956,-88.362033751
642,14,32,32.099924956,-87.207948505
645,14,33,32.099924956,-86.053863259
638,14,34,32.099924956,-84.899778013
643,14,35,32.099924956,-83.745692767
638,14,36,32.099924956,-82.591607521
606,14,37,32.099924956,-81.437522275
44,14,38,32.099924956,-80.283437029
0,14,39,32.099924956,-79.129351783
0,14,40,32.099924956,-77.975266537
0,14,41,32.099924956,-76.821181291
0,14,42,32.099924956,-75.667096045
0,14,43,32.099924956,-74.513010799
0,14,44,32.099924956,-73.358925553
0,14,45,32.099924956,-72.204840307
0,14,46,32.099924956,-71.050755061
0,14,47,32.099924956,-69.896669815
0,14,48,32.099924956,-68.742584569
0,14,49,32.099924956,-67.588499323
0,15,0,32.585818484,-124.138676377
0,15,1,32.585818484,-122.984591131
0,15,2,32.585818484,-121.830505885
0,15,3,32.585818484,-120.676420639
0,15,4,32.585818484,-119.522335393
3,15,5,32.585818484,-118.368250147
174,15,6,32.585818484,-117.214164901
278,15,7,32.585818484,-116.060079655
319,15,8,32.585818484,-114.905994409
638,15,9,32.585818484,-113.751909163
645,15,10,32.585818484,-112.597823917
637,15,11,32.585818484,-111.443738671
645,15,12,32.585818484,-110.289653425
638,15,13,32.585818484,-109.135568179
640,15,14,32.585818484,-107.981482933
642,15,15,32.585818484,-106.827397687
638,15,16,32.585818484,-105.673312441
640,15,17,32.585818484,-104.519227195
639,15,18,32.585818484,-103.365141949
640,15,19,32.585818484,-102.211056703
637,15,20,32.585818484,-101.056971457
641,15,21,32.585818484,-99.902886211
644,15,22,32.585818484,-98.748800965
644,15,23,32.585818484,-97.594715719
640,15,24,32.585818484,-96.440630473
637,15,25,32.585818484,-95.286545227
635,15,26,32.585818484,-94.132459981
647,15,27,32.585818484,-92.978374735
643,15,28,32.585818484,-91.824289489
637,15,29,32.585818484,-90.670204243
642,15,30,32.585818484,-89.516118997
648,15,31,32.585818484,-88.362033751
642,15,32,32.585818484,-87.207948505
636,15,33,32.585818484,-86.053863259
643,15,34,32.585818484,-84.899778013
641,15,35,32.585818484,-83.745692767
640,15,36,32.585818484,-82.591607521
635,15,37,32.585818484,-81.437522275
362,15,38,32.585818484,-80.283437029
0,15,39,32.585818484,-79.129351783
0,15,40,32.585818484,-77.975266537
0,15,41,32.585818484,-76.821181291
0,15,42,32.585818484,-75.667096045
0,15,43,32.585818484,-74.513010799
0,15,44,32.585818484,-73.358925553
0,15,45,32.585818484,-72.204840307
0,15,46,32.585818484,-71.050755061
0,15,47,32.585818484,-69.896669815
0,15,48,32.585818484,-68.742584569
0,15,49,32.585818484,-67.588499323
0,16,0,33.071712012,-124.138676377
0,16,1,33.071712012,-122.984591131
0,16,2,33.071712012,-121.830505885
0,16,3,33.071712012,-120.676420639
0,16,4,33.071712012,-119.522335393
14,16,5,33.071712012,-118.368250147
397,16,6,33.071712012,-117.214164901
637,16,7,33.071712012,-116.060079655
646,16,8,33.071712012,-114.905994409
645,16,9,33.071712012,-113.751909163
637,16,10,33.071712012,-112.597823917
641,16,11,33.071712012,-111.443738671
632,16,12,33.071712012,-110.289653425
642,16,13,33.071712012,-109.135568179
639,16,14,33.071712012,-107.981482933
641,16,15,33.071712012,-106.827397687
649,16,16,33.071712012,-105.673312441
635,16,17,33.071712012,-104.519227195
647,16,18,33.071712012,-103.365141949
637,16,19,33.071712012,-102.211056703
639,16,20,33.071712012,-101.056971457
643,16,21,33.071712012,-99.902886211
636,16,22,33.071712012,-98.748800965
646,16,23,33.071712012,-97.594715719
644,16,24,33.071712012,-96.440630473
645,16,25,33.071712012,-95.286545227
641,16,26,33.071712012,-94.132459981
640,16,27,33.071712012,-92.978374735
646,16,28,33.071712012,-91.824289489
643,16,29,33.071712012,-90.670204243
638,16,30,33.071712012,-89.516118997
639,16,31,33.071712012,-88.362033751
641,16,32,33.071712012,-87.207948505
643,16,33,33.071712012,-86.053863259
644,16,34,33.071712012,-84.899778013
645,16,35,33.071712012,-83.745692767
639,16,36,33.071712012,-82.591607521
645,16,37,33.071712012,-81.437522275
626,16,38,33.071712012,-80.283437029
165,16,39,33.071712012,-79.129351783
0,16,40,33.071712012,-77.975266537
0,16,41,33.071712012,-76.821181291
0,16,42,33.071712012,-75.667096045
0,16,43,33.071712012,-74.513010799
0,16,44,33.071712012,-73.358925553
0,16,45,33.071712012,-72.204840307
0,16,46,33.071712012,-71.050755061
0,16,47,33.071712012,-69.896669815
0,16,48,33.071712012,-68.742584569
0,16,49,33.071712012,-67.588499323
0,17,0,33.55760554,-124.138676377
0,17,1,33.55760554,-122.984591131
0,17,2,33.55760554,-121.830505885
0,17,3,33.55760554,-120.676420639
0,17,4,33.55760554,-119.522335393
103,17,5,33.55760554,-118.368250147
599,17,6,33.55760554,-117.214164901
642,17,7,33.55760554,-116.060079655
644,17,8,33.55760554,-114.905994409
639,17,9,33.55760554,-113.751909163
646,17,10,33.55760554,-112.597823917
640,17,11,33.55760554,-111.443738671
649,17,12,33.55760554,-110.289653425
640,17,13,33.55760554,-109.135568179
647,17,14,33.55760554,-107.981482933
635,17,15,33.55760554,-106.827397687
640,17,16,33.55760554,-105.673312441
639,17,17,33.55760554,-104.519227195
643,17,18,33.55760554,-103.365141949
646,17,19,33.55760554,-102.211056703
643,17,20,33.55760554,-101.056971457
651,17,21,33.55760554,-99.902886211
642,17,22,33.55760554,-98.748800965
647,17,23,33.55760554,-97.594715719
639,17,24,33.55760554,-96.440630473
643,17,25,33.55760554,-95.286545227
645,17,26,33.55760554,-94.132459981
642,17,27,33.55760554,-92.978374735
635,17,28,33.55760554,-91.824289489
639,17,29,33.55760554,-90.670204243
639,17,30,33.55760554,-89.516118997
636,17,31,33.55760554,-88.362033751
643,17,32,33.55760554,-87.207948505
641,17,33,33.55760554,-86.053863259
639,17,34,33.55760554,-84.899778013
644,17,35,33.55760554,-83.745692767
636,17,36,33.55760554,-82.591607521
645,17,37,33.55760554,-81.437522275
647,17,38,33.55760554,-80.283437029
397,17,39,33.55760554,-79.129351783
0,17,40,33.55760554,-77.975266537
0,17,41,33.55760554,-76.821181291
0,17,42,33.55760554,-75.667096045
0,17,43,33.55760554,-74.513010799
0,17,44,33.55760554,-73.358925553
0,17,45,33.55760554,-72.204840307
0,17,46,33.55760554,-71.050755061
0,17,47,33.55760554,-69.896669815
0,17,48,33.55760554,-68.742584569
0,17,49,33.55760554,-67.588499323
0,18,0,34.043499068,-124.138676377
0,18,1,34.043499068,-122.984591131
0,18,2,34.043499068,-121.830505885
16,18,3,34.043499068,-120.676420639
106,18,4,34.043499068,-119.522335393
509,18,5,34.043499068,-118.368250147
643,18,6,34.043499068,-117.214164901
634,18,7,34.043499068,-116.060079655
640,18,8,34.043499068,-114.905994409
643,18,9,34.043499068,-113.751909163
643,18,10,34.043499068,-112.597823917
641,18,11,34.043499068,-111.443738671
637,18,12,34.043499068,-110.289653425
638,18,13,34.043499068,-109.135568179
642,18,14,34.043499068,-107.981482933
642,18,15,34.043499068,-106.827397687
640,18,16,34.043499068,-105.673312441
638,18,17,34.043499068,-104.519227195
640,18,18,34.043499068,-103.365141949
632,18,19,34.043499068,-102.211056703
642,18,20,34.043499068,-101.056971457
631,18,21,34.043499068,-99.902886211
638,18,22,34.043499068,-98.748800965
635,18,23,34.043499068,-97.594715719
638,18,24,34.043499068,-96.440630473
640,18,25,34.043499068,-95.286545227
639,18,26,34.043499068,-94.132459981
637,18,27,34.043499068,-92.978374735
645,18,28,34.043499068,-91.824289489
642,18,29,34.043499068,-90.670204243
641,18,30,34.043499068,-89.516118997
644,18,31,34.043499068,-88.362033751
644,18,32,34.043499068,-87.207948505
637,18,33,34.043499068,-86.053863259
637,18,34,34.043499068,-84.899778013
636,18,35,34.043499068,-83.745692767
650,18,36,34.043499068,-82.591607521
635,18,37,34.043499068,-81.437522275
647,18,38,34.043499068,-80.283437029
633,18,39,34.043499068,-79.129351783
273,18,40,34.043499068,-77.975266537
0,18,41,34.043499068,-76.821181291
0,18,42,34.043499068,-75.667096045
0,18,43,34.043499068,-74.513010799
0,18,44,34.043499068,-73.358925553
0,18,45,34.043499068,-72.204840307
0,18,46,34.043499068,-71.050755061
0,18,47,34.043499068,-69.896669815
0,18,48,34.043499068,-68.742584569
0,18,49,34.043499068,-67.588499323
0,19,0,34.529392596,-124.138676377
0,19,1,34.529392596,-122.984591131
0,19,2,34.529392596,-121.830505885
177,19,3,34.529392596,-120.676420639
542,19,4,34.529392596,-119.522335393
638,19,5,34.529392596,-118.368250147
639,19,6,34.529392596,-117.214164901
648,19,7,34.529392596,-116.060079655
634,19,8,34.529392596,-114.905994409
642,19,9,34.529392596,-113.751909163
638,19,10,34.529392596,-112.597823917
634,19,11,34.529392596,-111.443738671
653,19,12,34.529392596,-110.289653425
636,19,13,34.529392596,-109.135568179
645,19,14,34.529392596,-107.981482933
637,19,15,34.529392596,-106.827397687
650,19,16,34.529392596,-105.673312441
638,19,17,34.529392596,-104.519227195
645,19,18,34.529392596,-103.365141949
645,19,19,34.529392596,-102.211056703
644,19,20,34.529392596,-101.056971457
643,19,21,34.529392596,-99.902886211
641,19,22,34.529392596,-98.748800965
639,19,23,34.529392596,-97.594715719
643,19,24,34.529392596,-96.440630473
638,19,25,34.529392596,-95.286545227
648,19,26,34.529392596,-94.132459981
642,19,27,34.529392596,-92.978374735
637,19,28,34.529392596,-91.824289489
641,19,29,34.529392596,-90.670204243
640,19,30,34.529392596,-89.516118997
642,19,31,34.529392596,-88.362033751
644,19,32,34.529392596,-87.207948505
640,19,33,34.529392596,-86.053863259
634,19,34,34.529392596,-84.899778013
646,19,35,34.529392596,-83.745692767
642,19,36,34.529392596,-82.591607521
645,19,37,34.529392596,-81.437522275
636,19,38,34.529392596,-80.283437029
638,19,39,34.529392596,-79.129351783
597,19,40,34.529392596,-77.975266537
97,19,41,34.529392596,-76.821181291
0,19,42,34.529392596,-75.667096045
0,19,43,34.529392596,-74.513010799
0,19,44,34.529392596,-73.358925553
0,19,45,34.529392596,-72.204840307
0,19,46,34.529392596,-71.050755061
0,19,47,34.529392596,-69.896669815
0,19,48,34.529392596,-68.742584569
0,19,49,34.529392596,-67.588499323
0,20,0,35.015286124,-124.138676377
0,20,1,35.015286124,-122.984591131
0,20,2,35.015286124,-121.830505885
314,20,3,35.015286124,-120.676420639
642,20,4,35.015286124,-119.522335393
642,20,5,35.015286124,-118.368250147
640,20,6,35.015286124,-117.214164901
639,20,7,35.015286124,-116.060079655
646,20,8,35.015286124,-114.905994409
634,20,9,35.015286124,-113.751909163
641,20,10,35.015286124,-112.597823917
644,20,11,35.015286124,-111.443738671
650,20,12,35.015286124,-110.289653425
646,20,13,35.015286124,-109.135568179
636,20,14,35.015286124,-107.981482933
645,20,15,35.015286124,-106.827397687
640,20,16,35.015286124,-105.673312441
636,20,17,35.015286124,-104.519227195
645,20,18,35.015286124,-103.365141949
636,20,19,35.015286124,-102.211056703
644,20,20,35.015286124,-101.056971457
642,20,21,35.015286124,-99.902886211
637,20,22,35.015286124,-98.748800965
640,20,23,35.015286124,-97.594715719
645,20,24,35.015286124,-96.440630473
641,20,25,35.015286124,-95.286545227
640,20,26,35.015286124,-94.132459981
645,20,27,35.015286124,-92.978374735
638,20,28,35.015286124,-91.824289489
640,20,29,35.015286124,-90.670204243
645,20,30,35.015286124,-89.516118997
640,20,31,35.015286124,-88.362033751
641,20,32,35.015286124,-87.207948505
641,20,33,35.015286124,-86.053863259
642,20,34,35.015286124,-84.899778013
643,20,35,35.015286124,-83.745692767
633,20,36,35.015286124,-82.591607521
650,20,37,35.015286124,-81.437522275
642,20,38,35.015286124,-80.283437029
635,20,39,35.015286124,-79.129351783
641,20,40,35.015286124,-77.975266537
450,20,41,35.015286124,-76.821181291
13,20,42,35.015286124,-75.667096045
0,20,43,35.015286124,-74.513010799
0,20,44,35.015286124,-73.358925553
0,20,45,35.015286124,-72.204840307
0,20,46,35.015286124,-71.050755061
0,20,47,35.015286124,-69.896669815
0,20,48,35.015286124,-68.742584569
0,20,49,35.015286124,-67.588499323
0,21,0,35.501179652,-124.138676377
0,21,1,35.501179652,-122.984591131
3,21,2,35.501179652,-121.830505885
517,21,3,35.501179652,-120.676420639
645,21,4,35.501179652,-119.522335393
638,21,5,35.501179652,-118.368250147
642,21,6,35.501179652,-117.214164901
644,21,7,35.501179652,-116.060079655
639,21,8,35.501179652,-114.905994409
643,21,9,35.501179652,-113.751909163
640,21,10,35.501179652,-112.597823917
638,21,11,35.501179652,-111.443738671
636,21,12,35.501179652,-110.289653425
639,21,13,35.501179652,-109.135568179
641,21,14,35.501179652,-107.981482933
639,21,15,35.501179652,-106.827397687
641,21,16,35.501179652,-105.673312441
644,21,17,35.501179652,-104.519227195
641,21,18,35.501179652,-103.365141949
643,21,19,35.501179652,-102.211056703
635,21,20,35.501179652,-101.056971457
636,21,21,35.501179652,-99.902886211
648,21,22,35.501179652,-98.748800965
639,21,23,35.501179652,-97.594715719
642,21,24,35.501179652,-96.440630473
637,21,25,35.501179652,-95.286545227
640,21,26,35.501179652,-94.132459981
636,21,27,35.501179652,-92.978374735
645,21,28,35.501179652,-91.824289489
643,21,29,35.501179652,-90.670204243
640,21,30,35.501179652,-89.516118997
643,21,31,35.501179652,-88.362033751
639,21,32,35.501179652,-87.207948505
637,21,33,35.501179652,-86.053863259
640,21,34,35.501179652,-84.899778013
645,21,35,35.501179652,-83.745692767
640,21,36,35.501179652,-82.591607521
640,21,37,35.501179652,-81.437522275
640,21,38,35.501179652,-80.283437029
640,21,39,35.501179652,-79.129351783
646,21,40,35.501179652,-77.975266537
525,21,41,35.501179652,-76.821181291
149,21,42,35.501179652,-75.667096045
0,21,43,35.501179652,-74.513010799
0,21,44,35.501179652,-73.358925553
0,21,45,35.501179652,-72.204840307
0,21,46,35.501179652,-71.050755061
0,21,47,35.501179652,-69.896669815
0,21,48,35.501179652,-68.742584569
0,21,49,35.501179652,-67.588499323
0,22,0,35.98707318,-124.138676377
0,22,1,35.98707318,-122.984591131
149,22,2,35.98707318,-121.830505885
641,22,3,35.98707318,-120.676420639
643,22,4,35.98707318,-119.522335393
644,22,5,35.98707318,-118.368250147
641,22,6,35.98707318,-117.214164901
638,22,7,35.98707318,-116.060079655
639,22,8,35.98707318,-114.905994409
642,22,9,35.98707318,-113.751909163
645,22,10,35.98707318,-112.597823917
638,22,11,35.98707318,-111.443738671
642,22,12,35.98707318,-110.289653425
643,22,13,35.98707318,-109.135568179
639,22,14,35.98707318,-107.981482933
643,22,15,35.98707318,-106.827397687
636,22,16,35.98707318,-105.673312441
646,22,17,35.98707318,-104.519227195
634,22,18,35.98707318,-103.365141949
641,22,19,35.98707318,-102.211056703
642,22,20,35.98707318,-101.056971457
645,22,21,35.98707318,-99.902886211
644,22,22,35.98707318,-98.748800965
635,22,23,35.98707318,-97.594715719
639,22,24,35.98707318,-96.440630473
639,22,25,35.98707318,-95.286545227
640,22,26,35.98707318,-94.132459981
635,22,27,35.98707318,-92.978374735
642,22,28,35.98707318,-91.824289489
639,22,29,35.98707318,-90.670204243
637,22,30,35.98707318,-89.516118997
643,22,31,35.98707318,-88.362033751
635,22,32,35.98707318,-87.207948505
651,22,33,35.98707318,-86.053863259
643,22,34,35.98707318,-84.899778013
640,22,35,35.98707318,-83.745692767
640,22,36,35.98707318,-82.591607521
638,22,37,35.98707318,-81.437522275
646,22,38,35.98707318,-80.283437029
644,22,39,35.98707318,-79.129351783
635,22,40,35.98707318,-77.975266537
574,22,41,35.98707318,-76.821181291
132,22,42,35.98707318,-75.667096045
0,22,43,35.98707318,-74.513010799
0,22,44,35.98707318,-73.358925553
0,22,45,35.98707318,-72.204840307
0,22,46,35.98707318,-71.050755061
0,22,47,35.98707318,-69.896669815
0,22,48,35.98707318,-68.742584569
0,22,49,35.98707318,-67.588499323
0,23,0,36.472966708,-124.138676377
0,23,1,36.472966708,-122.984591131
352,23,2,36.472966708,-121.830505885
633,23,3,36.472966708,-120.676420639
638,23,4,36.472966708,-119.522335393
635,23,5,36.472966708,-118.368250147
645,23,6,36.472966708,-117.214164901
637,23,7,36.472966708,-116.060079655
639,23,8,36.472966708,-114.905994409
645,23,9,36.472966708,-113.751909163
637,23,10,36.472966708,-112.597823917
642,23,11,36.472966708,-111.443738671
641,23,12,36.472966708,-110.289653425
640,23,13,36.472966708,-109.135568179
642,23,14,36.472966708,-107.981482933
640,23,15,36.472966708,-106.827397687
643,23,16,36.472966708,-105.673312441
639,23,17,36.472966708,-104.519227195
651,23,18,36.472966708,-103.365141949
638,23,19,36.472966708,-102.211056703
641,23,20,36.472966708,-101.056971457
639,23,21,36.472966708,-99.902886211
638,23,22,36.472966708,-98.748800965
651,23,23,36.472966708,-97.594715719
642,23,24,36.472966708,-96.440630473
644,23,25,36.472966708,-95.286545227
641,23,26,36.472966708,-94.132459981
649,23,27,36.472966708,-92.978374735
643,23,28,36.472966708,-91.824289489
643,23,29,36.472966708,-90.670204243
643,23,30,36.472966708,-89.516118997
640,23,31,36.472966708,-88.362033751
641,23,32,36.472966708,-87.207948505
634,23,33,36.472966708,-86.053863259
636,23,34,36.472966708,-84.899778013
646,23,35,36.472966708,-83.745692767
644,23,36,36.472966708,-82.591607521
640,23,37,36.472966708,-81.437522275
641,23,38,36.472966708,-80.283437029
638,23,39,36.472966708,-79.129351783
647,23,40,36.472966708,-77.975266537
637,23,41,36.472966708,-76.821181291
162,23,42,36.472966708,-75.667096045
0,23,43,36.472966708,-74.513010799
0,23,44,36.472966708,-73.358925553
0,23,45,36.472966708,-72.204840307
0,23,46,36.472966708,-71.050755061
0,23,47,36.472966708,-69.896669815
0,23,48,36.472966708,-68.742584569
0,23,49,36.472966708,-67.588499323
0,24,0,36.958860236,-124.138676377
0,24,1,36.958860236,-122.984591131
428,24,2,36.958860236,-121.830505885
643,24,3,36.958860236,-120.676420639
641,24,4,36.958860236,-119.522335393
643,24,5,36.958860236,-118.368250147
644,24,6,36.958860236,-117.214164901
641,24,7,36.958860236,-116.060079655
630,24,8,36.958860236,-114.905994409
651,24,9,36.958860236,-113.751909163
639,24,10,36.958860236,-112.597823917
635,24,11,36.958860236,-111.443738671
646,24,12,36.958860236,-110.289653425
649,24,13,36.958860236,-109.135568179
646,24,14,36.958860236,-107.981482933
636,24,15,36.958860236,-106.827397687
637,24,16,36.958860236,-105.673312441
648,24,17,36.958860236,-104.519227195
646,24,18,36.958860236,-103.365141949
635,24,19,36.958860236,-102.211056703
641,24,20,36.958860236,-101.056971457
635,24,21,36.958860236,-99.902886211
639,24,22,36.958860236,-98.748800965
638,24,23,36.958860236,-97.594715719
638,24,24,36.958860236,-96.440630473
640,24,25,36.958860236,-95.286545227
642,24,26,36.958860236,-94.132459981
634,24,27,36.958860236,-92.978374735
635,24,28,36.958860236,-91.824289489
640,24,29,36.958860236,-90.670204243
643,24,30,36.958860236,-89.516118997
640,24,31,36.958860236,-88.362033751
644,24,32,36.958860236,-87.207948505
641,24,33,36.958860236,-86.053863259
643,24,34,36.958860236,-84.899778013
638,24,35,36.958860236,-83.745692767
641,24,36,36.958860236,-82.591607521
646,24,37,36.958860236,-81.437522275
636,24,38,36.958860236,-80.283437029
644,24,39,36.958860236,-79.129351783
638,24,40,36.958860236,-77.975266537
556,24,41,36.958860236,-76.821181291
75,24,42,36.958860236,-75.667096045
0,24,43,36.958860236,-74.513010799
0,24,44,36.958860236,-73.358925553
0,24,45,36.958860236,-72.204840307
0,24,46,36.958860236,-71.050755061
0,24,47,36.958860236,-69.896669815
0,24,48,36.958860236,-68.742584569
0,24,49,36.958860236,-67.588499323
0,25,0,37.444753764,-124.138676377
23,25,1,37.444753764,-122.984591131
601,25,2,37.444753764,-121.830505885
639,25,3,37.444753764,-120.676420639
648,25,4,37.444753764,-119.522335393
638,25,5,37.444753764,-118.368250147
634,25,6,37.444753764,-117.214164901
654,25,7,37.444753764,-116.060079655
639,25,8,37.444753764,-114.905994409
642,25,9,37.444753764,-113.751909163
640,25,10,37.444753764,-112.597823917
638,25,11,37.444753764,-111.443738671
640,25,12,37.444753764,-110.289653425
636,25,13,37.444753764,-109.135568179
633,25,14,37.444753764,-107.981482933
645,25,15,37.444753764,-106.827397687
635,25,16,37.444753764,-105.673312441
637,25,17,37.444753764,-104.519227195
634,25,18,37.444753764,-103.365141949
641,25,19,37.444753764,-102.211056703
647,25,20,37.444753764,-101.056971457
649,25,21,37.444753764,-99.902886211
640,25,22,37.444753764,-98.748800965
635,25,23,37.444753764,-97.594715719
638,25,24,37.444753764,-96.440630473
642,25,25,37.444753764,-95.286545227
641,25,26,37.444753764,-94.132459981
642,25,27,37.444753764,-92.978374735
639,25,28,37.444753764,-91.824289489
642,25,29,37.444753764,-90.670204243
645,25,30,37.444753764,-89.516118997
642,25,31,37.444753764,-88.362033751
640,25,32,37.444753764,-87.207948505
635,25,33,37.444753764,-86.053863259
641,25,34,37.444753764,-84.899778013
642,25,35,37.444753764,-83.745692767
637,25,36,37.444753764,-82.591607521
635,25,37,37.444753764,-81.437522275
646,25,38,37.444753764,-80.283437029
638,25,39,37.444753764,-79.129351783
641,25,40,37.444753764,-77.975266537
533,25,41,37.444753764,-76.821181291
84,25,42,37.444753764,-75.667096045
0,25,43,37.444753764,-74.513010799
0,25,44,37.444753764,-73.358925553
0,25,45,37.444753764,-72.204840307
0,25,46,37.444753764,-71.050755061
0,25,47,37.444753764,-69.896669815
0,25,48,37.444753764,-68.742584569
0,25,49,37.444753764,-67.588499323
0,26,0,37.930647292,-124.138676377
151,26,1,37.930647292,-122.984591131
531,26,2,37.930647292,-121.830505885
647,26,3,37.930647292,-120.676420639
638,26,4,37.930647292,-119.522335393
643,26,5,37.930647292,-118.368250147
641,26,6,37.930647292,-117.214164901
639,26,7,37.930647292,-116.060079655
641,26,8,37.930647292,-114.905994409
633,26,9,37.930647292,-113.751909163
642,26,10,37.930647292,-112.597823917
652,26,11,37.930647292,-111.443738671
630,26,12,37.930647292,-110.289653425
643,26,13,37.930647292,-109.135568179
650,26,14,37.930647292,-107.981482933
638,26,15,37.930647292,-106.827397687
645,26,16,37.930647292,-105.673312441
645,26,17,37.930647292,-104.519227195
643,26,18,37.930647292,-103.365141949
644,26,19,37.930647292,-102.211056703
636,26,20,37.930647292,-101.056971457
635,26,21,37.930647292,-99.902886211
643,26,22,37.930647292,-98.748800965
648,26,23,37.930647292,-97.594715719
646,26,24,37.930647292,-96.440630473
637,26,25,37.930647292,-95.286545227
646,26,26,37.930647292,-94.132459981
642,26,27,37.930647292,-92.978374735
643,26,28,37.930647292,-91.824289489
638,26,29,37.930647292,-90.670204243
637,26,30,37.930647292,-89.516118997
635,26,31,37.930647292,-88.362033751
644,26,32,37.930647292,-87.207948505
650,26,33,37.930647292,-86.053863259
636,26,34,37.930647292,-84.899778013
638,26,35,37.930647292,-83.745692767
637,26,36,37.930647292,-82.591607521
644,26,37,37.930647292,-81.437522275
637,26,38,37.930647292,-80.283437029
641,26,39,37.930647292,-79.129351783
645,26,40,37.930647292,-77.975266537
530,26,41,37.930647292,-76.821181291
186,26,42,37.930647292,-75.667096045
0,26,43,37.930647292,-74.513010799
0,26,44,37.930647292,-73.358925553
0,26,45,37.930647292,-72.204840307
0,26,46,37.930647292,-71.050755061
0,26,47,37.930647292,-69.896669815
0,26,48,37.930647292,-68.742584569
0,26,49,37.930647292,-67.588499323
0,27,0,38.41654082,-124.138676377
412,27,1,38.41654082,-122.984591131
640,27,2,38.41654082,-121.830505885
641,27,3,38.41654082,-120.676420639
644,27,4,38.41654082,-119.522335393
638,27,5,38.41654082,-118.368250147
644,27,6,38.41654082,-117.214164901
636,27,7,38.41654082,-116.060079655
637,27,8,38.41654082,-114.905994409
640,27,9,38.41654082,-113.751909163
646,27,10,38.41654082,-112.597823917
638,27,11,38.41654082,-111.443738671
640,27,12,38.41654082,-110.289653425
648,27,13,38.41654082,-109.135568179
639,27,14,38.41654082,-107.981482933
642,27,15,38.41654082,-106.827397687
634,27,16,38.41654082,-105.673312441
638,27,17,38.41654082,-104.519227195
644,27,18,38.41654082,-103.365141949
639,27,19,38.41654082,-102.211056703
646,27,20,38.41654082,-101.056971457
635,27,21,38.41654082,-99.902886211
645,27,22,38.41654082,-98.748800965
640,27,23,38.41654082,-97.594715719
639,27,24,38.41654082,-96.440630473
648,27,25,38.41654082,-95.286545227
637,27,26,38.41654082,-94.132459981
644,27,27,38.41654082,-92.978374735
642,27,28,38.41654082,-91.824289489
637,27,29,38.41654082,-90.670204243
638,27,30,38.41654082,-89.516118997
635,27,31,38.41654082,-88.362033751
645,27,32,38.41654082,-87.207948505
634,27,33,38.41654082,-86.053863259
652,27,34,38.41654082,-84.899778013
640,27,35,38.41654082,-83.745692767
649,27,36,38.41654082,-82.591607521
637,27,37,38.41654082,-81.437522275
646,27,38,38.41654082,-80.283437029
641,27,39,38.41654082,-79.129351783
638,27,40,38.41654082,-77.975266537
443,27,41,38.41654082,-76.821181291
545,27,42,38.41654082,-75.667096045
7,27,43,38.41654082,-74.513010799
0,27,44,38.41654082,-73.358925553
0,27,45,38.41654082,-72.204840307
0,27,46,38.41654082,-71.050755061
0,27,47,38.41654082,-69.896669815
0,27,48,38.41654082,-68.742584569
0,27,49,38.41654082,-67.588499323
47,28,0,38.902434348,-124.138676377
631,28,1,38.902434348,-122.984591131
635,28,2,38.902434348,-121.830505885
639,28,3,38.902434348,-120.676420639
644,28,4,38.902434348,-119.522335393
643,28,5,38.902434348,-118.368250147
639,28,6,38.902434348,-117.214164901
642,28,7,38.902434348,-116.060079655
643,28,8,38.902434348,-114.905994409
638,28,9,38.902434348,-113.751909163
638,28,10,38.902434348,-112.597823917
644,28,11,38.902434348,-111.443738671
639,28,12,38.902434348,-110.289653425
638,28,13,38.902434348,-109.135568179
635,28,14,38.902434348,-107.981482933
643,28,15,38.902434348,-106.827397687
642,28,16,38.902434348,-105.673312441
639,28,17,38.902434348,-104.519227195
647,28,18,38.902434348,-103.365141949
642,28,19,38.902434348,-102.211056703
633,28,20,38.902434348,-101.056971457
644,28,21,38.902434348,-99.902886211
635,28,22,38.902434348,-98.748800965
640,28,23,38.902434348,-97.594715719
642,28,24,38.902434348,-96.440630473
638,28,25,38.902434348,-95.286545227
640,28,26,38.902434348,-94.132459981
638,28,27,38.902434348,-92.978374735
641,28,28,38.902434348,-91.824289489
644,28,29,38.902434348,-90.670204243
645,28,30,38.902434348,-89.516118997
647,28,31,38.902434348,-88.362033751
636,28,32,38.902434348,-87.207948505
644,28,33,38.902434348,-86.053863259
639,28,34,38.902434348,-84.899778013
639,28,35,38.902434348,-83.745692767
639,28,36,38.902434348,-82.591607521
643,28,37,38.902434348,-81.437522275
636,28,38,38.902434348,-80.283437029
636,28,39,38.902434348,-79.129351783
644,28,40,38.902434348,-77.975266537
508,28,41,38.902434348,-76.821181291
509,28,42,38.902434348,-75.667096045
33,28,43,38.902434348,-74.513010799
0,28,44,38.902434348,-73.358925553
0,28,45,38.902434348,-72.204840307
0,28,46,38.902434348,-71.050755061
0,28,47,38.902434348,-69.896669815
0,28,48,38.902434348,-68.742584569
0,28,49,38.902434348,-67.588499323
125,29,0,39.388327876,-124.138676377
637,29,1,39.388327876,-122.984591131
640,29,2,39.388327876,-121.830505885
635,29,3,39.388327876,-120.676420639
645,29,4,39.388327876,-119.522335393
641,29,5,39.388327876,-118.368250147
635,29,6,39.388327876,-117.214164901
645,29,7,39.388327876,-116.060079655
643,29,8,39.388327876,-114.905994409
642,29,9,39.388327876,-113.751909163
639,29,10,39.388327876,-112.597823917
635,29,11,39.388327876,-111.443738671
646,29,12,39.388327876,-110.289653425
639,29,13,39.388327876,-109.135568179
641,29,14,39.388327876,-107.981482933
644,29,15,39.388327876,-106.827397687
639,29,16,39.388327876,-105.673312441
634,29,17,39.388327876,-104.519227195
638,29,18,39.388327876,-103.365141949
640,29,19,39.388327876,-102.211056703
646,29,20,39.388327876,-101.056971457
639,29,21,39.388327876,-99.902886211
640,29,22,39.388327876,-98.748800965
635,29,23,39.388327876,-97.594715719
644,29,24,39.388327876,-96.440630473
645,29,25,39.388327876,-95.286545227
645,29,26,39.388327876,-94.132459981
640,29,27,39.388327876,-92.978374735
646,29,28,39.388327876,-91.824289489
647,29,29,39.388327876,-90.670204243
639,29,30,39.388327876,-89.516118997
642,29,31,39.388327876,-88.362033751
639,29,32,39.388327876,-87.207948505
641,29,33,39.388327876,-86.053863259
638,29,34,39.388327876,-84.899778013
642,29,35,39.388327876,-83.745692767
636,29,36,39.388327876,-82.591607521
646,29,37,39.388327876,-81.437522275
641,29,38,39.388327876,-80.283437029
643,29,39,39.388327876,-79.129351783
640,29,40,39.388327876,-77.975266537
584,29,41,39.388327876,-76.821181291
514,29,42,39.388327876,-75.667096045
322,29,43,39.388327876,-74.513010799
0,29,44,39.388327876,-73.358925553
0,29,45,39.388327876,-72.204840307
0,29,46,39.388327876,-71.050755061
0,29,47,39.388327876,-69.896669815
0,29,48,39.388327876,-68.742584569
0,29,49,39.388327876,-67.588499323
193,30,0,39.874221404,-124.138676377
646,30,1,39.874221404,-122.984591131
642,30,2,39.874221404,-121.830505885
646,30,3,39.874221404,-120.676420639
638,30,4,39.874221404,-119.522335393
640,30,5,39.874221404,-118.368250147
640,30,6,39.874221404,-117.214164901
639,30,7,39.874221404,-116.060079655
639,30,8,39.874221404,-114.905994409
641,30,9,39.874221404,-113.751909163
649,30,10,39.874221404,-112.597823917
641,30,11,39.874221404,-111.443738671
634,30,12,39.874221404,-110.289653425
641,30,13,39.874221404,-109.135568179
645,30,14,39.874221404,-107.981482933
640,30,15,39.874221404,-106.827397687
649,30,16,39.874221404,-105.673312441
645,30,17,39.874221404,-104.519227195
646,30,18,39.874221404,-103.365141949
643,30,19,39.874221404,-102.211056703
635,30,20,39.874221404,-101.056971457
643,30,21,39.874221404,-99.902886211
641,30,22,39.874221404,-98.748800965
647,30,23,39.874221404,-97.594715719
638,30,24,39.874221404,-96.440630473
636,30,25,39.874221404,-95.286545227
640,30,26,39.874221404,-94.132459981
643,30,27,39.874221404,-92.978374735
638,30,28,39.874221404,-91.824289489
633,30,29,39.874221404,-90.670204243
635,30,30,39.874221404,-89.516118997
645,30,31,39.874221404,-88.362033751
642,30,32,39.874221404,-87.207948505
647,30,33,39.874221404,-86.053863259
638,30,34,39.874221404,-84.899778013
641,30,35,39.874221404,-83.745692767
642,30,36,39.874221404,-82.591607521
636,30,37,39.874221404,-81.437522275
646,30,38,39.874221404,-80.283437029
637,30,39,39.874221404,-79.129351783
643,30,40,39.874221404,-77.975266537
638,30,41,39.874221404,-76.821181291
644,30,42,39.874221404,-75.667096045
526,30,43,39.874221404,-74.513010799
0,30,44,39.874221404,-73.358925553
0,30,45,39.874221404,-72.204840307
0,30,46,39.874221404,-71.050755061
0,30,47,39.874221404,-69.896669815
0,30,48,39.874221404,-68.742584569
0,30,49,39.874221404,-67.588499323
423,31,0,40.360114932,-124.138676377
637,31,1,40.360114932,-122.984591131
641,31,2,40.360114932,-121.830505885
638,31,3,40.360114932,-120.676420639
641,31,4,40.360114932,-119.522335393
645,31,5,40.360114932,-118.368250147
650,31,6,40.360114932,-117.214164901
642,31,7,40.360114932,-116.060079655
643,31,8,40.360114932,-114.905994409
639,31,9,40.360114932,-113.751909163
649,31,10,40.360114932,-112.597823917
634,31,11,40.360114932,-111.443738671
651,31,12,40.360114932,-110.289653425
638,31,13,40.360114932,-109.135568179
638,31,14,40.360114932,-107.981482933
644,31,15,40.360114932,-106.827397687
634,31,16,40.360114932,-105.673312441
645,31,17,40.360114932,-104.519227195
639,31,18,40.360114932,-103.365141949
639,31,19,40.360114932,-102.211056703
636,31,20,40.360114932,-101.056971457
638,31,21,40.360114932,-99.902886211
640,31,22,40.360114932,-98.748800965
636,31,23,40.360114932,-97.594715719
643,31,24,40.360114932,-96.440630473
644,31,25,40.360114932,-95.286545227
637,31,26,40.360114932,-94.132459981
642,31,27,40.360114932,-92.978374735
636,31,28,40.360114932,-91.824289489
643,31,29,40.360114932,-90.670204243
641,31,30,40.360114932,-89.516118997
640,31,31,40.360114932,-88.362033751
636,31,32,40.360114932,-87.207948505
642,31,33,40.360114932,-86.053863259
638,31,34,40.360114932,-84.899778013
647,31,35,40.360114932,-83.745692767
647,31,36,40.360114932,-82.591607521
636,31,37,40.360114932,-81.437522275
637,31,38,40.360114932,-80.283437029
646,31,39,40.360114932,-79.129351783
639,31,40,40.360114932,-77.975266537
642,31,41,40.360114932,-76.821181291
645,31,42,40.360114932,-75.667096045
564,31,43,40.360114932,-74.513010799
3,31,44,40.360114932,-73.358925553
0,31,45,40.360114932,-72.204840307
0,31,46,40.360114932,-71.050755061
0,31,47,40.360114932,-69.896669815
0,31,48,40.360114932,-68.742584569
0,31,49,40.360114932,-67.588499323
352,32,0,40.84600846,-124.138676377
640,32,1,40.84600846,-122.984591131
644,32,2,40.84600846,-121.830505885
642,32,3,40.84600846,-120.676420639
635,32,4,40.84600846,-119.522335393
640,32,5,40.84600846,-118.368250147
639,32,6,40.84600846,-117.214164901
637,32,7,40.84600846,-116.060079655
637,32,8,40.84600846,-114.905994409
643,32,9,40.84600846,-113.751909163
639,32,10,40.84600846,-112.597823917
643,32,11,40.84600846,-111.443738671
637,32,12,40.84600846,-110.289653425
642,32,13,40.84600846,-109.135568179
640,32,14,40.84600846,-107.981482933
637,32,15,40.84600846,-106.827397687
640,32,16,40.84600846,-105.673312441
639,32,17,40.84600846,-104.519227195
638,32,18,40.84600846,-103.365141949
644,32,19,40.84600846,-102.211056703
645,32,20,40.84600846,-101.056971457
649,32,21,40.84600846,-99.902886211
643,32,22,40.84600846,-98.748800965
639,32,23,40.84600846,-97.594715719
638,32,24,40.84600846,-96.440630473
645,32,25,40.84600846,-95.286545227
644,32,26,40.84600846,-94.132459981
642,32,27,40.84600846,-92.978374735
645,32,28,40.84600846,-91.824289489
636,32,29,40.84600846,-90.670204243
644,32,30,40.84600846,-89.516118997
639,32,31,40.84600846,-88.362033751
650,32,32,40.84600846,-87.207948505
634,32,33,40.84600846,-86.053863259
650,32,34,40.84600846,-84.899778013
637,32,35,40.84600846,-83.745692767
637,32,36,40.84600846,-82.591607521
648,32,37,40.84600846,-81.437522275
645,32,38,40.84600846,-80.283437029
635,32,39,40.84600846,-79.129351783
641,32,40,40.84600846,-77.975266537
641,32,41,40.84600846,-76.821181291
644,32,42,40.84600846,-75.667096045
630,32,43,40.84600846,-74.513010799
395,32,44,40.84600846,-73.358925553
118,32,45,40.84600846,-72.204840307
0,32,46,40.84600846,-71.050755061
0,32,47,40.84600846,-69.896669815
0,32,48,40.84600846,-68.742584569
0,32,49,40.84600846,-67.588499323
294,33,0,41.331901988,-124.138676377
633,33,1,41.331901988,-122.984591131
641,33,2,41.331901988,-121.830505885
640,33,3,41.331901988,-120.676420639
634,33,4,41.331901988,-119.522335393
649,33,5,41.331901988,-118.368250147
650,33,6,41.331901988,-117.214164901
637,33,7,41.331901988,-116.060079655
644,33,8,41.331901988,-114.905994409
638,33,9,41.331901988,-113.751909163
637,33,10,41.331901988,-112.597823917
642,33,11,41.331901988,-111.443738671
646,33,12,41.331901988,-110.289653425
643,33,13,41.331901988,-109.135568179
641,33,14,41.331901988,-107.981482933
641,33,15,41.331901988,-106.827397687
643,33,16,41.331901988,-105.673312441
642,33,17,41.331901988,-104.519227195
646,33,18,41.331901988,-103.365141949
638,33,19,41.331901988,-102.211056703
636,33,20,41.331901988,-101.056971457
639,33,21,41.331901988,-99.902886211
643,33,22,41.331901988,-98.748800965
640,33,23,41.331901988,-97.594715719
641,33,24,41.331901988,-96.440630473
639,33,25,41.331901988,-95.286545227
639,33,26,41.331901988,-94.132459981
640,33,27,41.331901988,-92.978374735
643,33,28,41.331901988,-91.824289489
647,33,29,41.331901988,-90.670204243
634,33,30,41.331901988,-89.516118997
641,33,31,41.331901988,-88.362033751
638,33,32,41.331901988,-87.207948505
640,33,33,41.331901988,-86.053863259
641,33,34,41.331901988,-84.899778013
637,33,35,41.331901988,-83.745692767
498,33,36,41.331901988,-82.591607521
612,33,37,41.331901988,-81.437522275
639,33,38,41.331901988,-80.283437029
640,33,39,41.331901988,-79.129351783
641,33,40,41.331901988,-77.975266537
639,33,41,41.331901988,-76.821181291
634,33,42,41.331901988,-75.667096045
647,33,43,41.331901988,-74.513010799
572,33,44,41.331901988,-73.358925553
371,33,45,41.331901988,-72.204840307
107,33,46,41.331901988,-71.050755061
19,33,47,41.331901988,-69.896669815
0,33,48,41.331901988,-68.742584569
0,33,49,41.331901988,-67.588499323
346,34,0,41.817795516,-124.138676377
645,34,1,41.817795516,-122.984591131
639,34,2,41.817795516,-121.830505885
645,34,3,41.817795516,-120.676420639
642,34,4,41.817795516,-119.522335393
641,34,5,41.817795516,-118.368250147
633,34,6,41.817795516,-117.214164901
647,34,7,41.817795516,-116.060079655
638,34,8,41.817795516,-114.905994409
637,34,9,41.817795516,-113.751909163
643,34,10,41.817795516,-112.597823917
645,34,11,41.817795516,-111.443738671
631,34,12,41.817795516,-110.289653425
644,34,13,41.817795516,-109.135568179
642,34,14,41.817795516,-107.981482933
639,34,15,41.817795516,-106.827397687
638,34,16,41.817795516,-105.673312441
638,34,17,41.817795516,-104.519227195
637,34,18,41.817795516,-103.365141949
646,34,19,41.817795516,-102.211056703
641,34,20,41.817795516,-101.056971457
644,34,21,41.817795516,-99.902886211
644,34,22,41.817795516,-98.748800965
639,34,23,41.817795516,-97.594715719
650,34,24,41.817795516,-96.440630473
636,34,25,41.817795516,-95.286545227
644,34,26,41.817795516,-94.132459981
635,34,27,41.817795516,-92.978374735
643,34,28,41.817795516,-91.824289489
632,34,29,41.817795516,-90.670204243
646,34,30,41.817795516,-89.516118997
644,34,31,41.817795516,-88.362033751
248,34,32,41.817795516,-87.207948505
635,34,33,41.817795516,-86.053863259
647,34,34,41.817795516,-84.899778013
563,34,35,41.817795516,-83.745692767
4,34,36,41.817795516,-82.591607521
155,34,37,41.817795516,-81.437522275
578,34,38,41.817795516,-80.283437029
638,34,39,41.817795516,-79.129351783
639,34,40,41.817795516,-77.975266537
639,34,41,41.817795516,-76.821181291
647,34,42,41.817795516,-75.667096045
642,34,43,41.817795516,-74.513010799
632,34,44,41.817795516,-73.358925553
650,34,45,41.817795516,-72.204840307
546,34,46,41.817795516,-71.050755061
88,34,47,41.817795516,-69.896669815
0,34,48,41.817795516,-68.742584569
0,34,49,41.817795516,-67.588499323
472,35,0,42.303689044,-124.138676377
632,35,1,42.303689044,-122.984591131
638,35,2,42.303689044,-121.830505885
646,35,3,42.303689044,-120.676420639
641,35,4,42.303689044,-119.522335393
633,35,5,42.303689044,-118.368250147
636,35,6,42.303689044,-117.214164901
643,35,7,42.303689044,-116.060079655
648,35,8,42.303689044,-114.905994409
645,35,9,42.303689044,-113.751909163
634,35,10,42.303689044,-112.597823917
642,35,11,42.303689044,-111.443738671
642,35,12,42.303689044,-110.289653425
643,35,13,42.303689044,-109.135568179
646,35,14,42.303689044,-107.981482933
639,35,15,42.303689044,-106.827397687
637,35,16,42.303689044,-105.673312441
655,35,17,42.303689044,-104.519227195
638,35,18,42.303689044,-103.365141949
638,35,19,42.303689044,-102.211056703
644,35,20,42.303689044,-101.056971457
639,35,21,42.303689044,-99.902886211
636,35,22,42.303689044,-98.748800965
642,35,23,42.303689044,-97.594715719
633,35,24,42.303689044,-96.440630473
645,35,25,42.303689044,-95.286545227
635,35,26,42.303689044,-94.132459981
646,35,27,42.303689044,-92.978374735
633,35,28,42.303689044,-91.824289489
647,35,29,42.303689044,-90.670204243
637,35,30,42.303689044,-89.516118997
630,35,31,42.303689044,-88.362033751
7,35,32,42.303689044,-87.207948505
491,35,33,42.303689044,-86.053863259
638,35,34,42.303689044,-84.899778013
640,35,35,42.303689044,-83.745692767
77,35,36,42.303689044,-82.591607521
0,35,37,42.303689044,-81.437522275
80,35,38,42.303689044,-80.283437029
578,35,39,42.303689044,-79.129351783
634,35,40,42.303689044,-77.975266537
650,35,41,42.303689044,-76.821181291
633,35,42,42.303689044,-75.667096045
635,35,43,42.303689044,-74.513010799
649,35,44,42.303689044,-73.358925553
642,35,45,42.303689044,-72.204840307
441,35,46,42.303689044,-71.050755061
1,35,47,42.303689044,-69.896669815
0,35,48,42.303689044,-68.742584569
0,35,49,42.303689044,-67.588499323
510,36,0,42.789582572,-124.138676377
641,36,1,42.789582572,-122.984591131
643,36,2,42.789582572,-121.830505885
638,36,3,42.789582572,-120.676420639
644,36,4,42.789582572,-119.522335393
647,36,5,42.789582572,-118.368250147
637,36,6,42.789582572,-117.214164901
639,36,7,42.789582572,-116.060079655
641,36,8,42.789582572,-114.905994409
635,36,9,42.789582572,-113.751909163
652,36,10,42.789582572,-112.597823917
635,36,11,42.789582572,-111.443738671
644,36,12,42.789582572,-110.289653425
644,36,13,42.789582572,-109.135568179
640,36,14,42.789582572,-107.981482933
639,36,15,42.789582572,-106.827397687
638,36,16,42.789582572,-105.673312441
636,36,17,42.789582572,-104.519227195
638,36,18,42.789582572,-103.365141949
641,36,19,42.789582572,-102.211056703
641,36,20,42.789582572,-101.056971457
644,36,21,42.789582572,-99.902886211
644,36,22,42.789582572,-98.748800965
643,36,23,42.789582572,-97.594715719
641,36,24,42.789582572,-96.440630473
635,36,25,42.789582572,-95.286545227
650,36,26,42.789582572,-94.132459981
639,36,27,42.789582572,-92.978374735
635,36,28,42.789582572,-91.824289489
643,36,29,42.789582572,-90.670204243
641,36,30,42.789582572,-89.516118997
628,36,31,42.789582572,-88.362033751
3,36,32,42.789582572,-87.207948505
422,36,33,42.789582572,-86.053863259
642,36,34,42.789582572,-84.899778013
634,36,35,42.789582572,-83.745692767
348,36,36,42.789582572,-82.591607521
0,36,37,42.789582572,-81.437522275
0,36,38,42.789582572,-80.283437029
235,36,39,42.789582572,-79.129351783
640,36,40,42.789582572,-77.975266537
640,36,41,42.789582572,-76.821181291
643,36,42,42.789582572,-75.667096045
642,36,43,42.789582572,-74.513010799
637,36,44,42.789582572,-73.358925553
633,36,45,42.789582572,-72.204840307
488,36,46,42.789582572,-71.050755061
0,36,47,42.789582572,-69.896669815
0,36,48,42.789582572,-68.742584569
0,36,49,42.789582572,-67.588499323
454,37,0,43.2754761,-124.138676377
643,37,1,43.2754761,-122.984591131
631,37,2,43.2754761,-121.830505885
651,37,3,43.2754761,-120.676420639
646,37,4,43.2754761,-119.522335393
629,37,5,43.2754761,-118.368250147
641,37,6,43.2754761,-117.214164901
647,37,7,43.2754761,-116.060079655
638,37,8,43.2754761,-114.905994409
650,37,9,43.2754761,-113.751909163
632,37,10,43.2754761,-112.597823917
638,37,11,43.2754761,-111.443738671
637,37,12,43.2754761,-110.289653425
640,37,13,43.2754761,-109.135568179
638,37,14,43.2754761,-107.981482933
640,37,15,43.2754761,-106.827397687
649,37,16,43.2754761,-105.673312441
645,37,17,43.2754761,-104.519227195
637,37,18,43.2754761,-103.365141949
639,37,19,43.2754761,-102.211056703
644,37,20,43.2754761,-101.056971457
640,37,21,43.2754761,-99.902886211
638,37,22,43.2754761,-98.748800965
644,37,23,43.2754761,-97.594715719
643,37,24,43.2754761,-96.440630473
646,37,25,43.2754761,-95.286545227
638,37,26,43.2754761,-94.132459981
638,37,27,43.2754761,-92.978374735
649,37,28,43.2754761,-91.824289489
637,37,29,43.2754761,-90.670204243
645,37,30,43.2754761,-89.516118997
602,37,31,43.2754761,-88.362033751
0,37,32,43.2754761,-87.207948505
488,37,33,43.2754761,-86.053863259
643,37,34,43.2754761,-84.899778013
645,37,35,43.2754761,-83.745692767
360,37,36,43.2754761,-82.591607521
0,37,37,43.2754761,-81.437522275
0,37,38,43.2754761,-80.283437029
149,37,39,43.2754761,-79.129351783
400,37,40,43.2754761,-77.975266537
428,37,41,43.2754761,-76.821181291
636,37,42,43.2754761,-75.667096045
651,37,43,43.2754761,-74.513010799
636,37,44,43.2754761,-73.358925553
651,37,45,43.2754761,-72.204840307
578,37,46,43.2754761,-71.050755061
15,37,47,43.2754761,-69.896669815
0,37,48,43.2754761,-68.742584569
0,37,49,43.2754761,-67.588499323
349,38,0,43.761369628,-124.138676377
639,38,1,43.761369628,-122.984591131
642,38,2,43.761369628,-121.830505885
636,38,3,43.761369628,-120.676420639
643,38,4,43.761369628,-119.522335393
634,38,5,43.761369628,-118.368250147
645,38,6,43.761369628,-117.214164901
644,38,7,43.761369628,-116.060079655
637,38,8,43.761369628,-114.905994409
638,38,9,43.761369628,-113.751909163
641,38,10,43.761369628,-112.597823917
642,38,11,43.761369628,-111.443738671
646,38,12,43.761369628,-110.289653425
647,38,13,43.761369628,-109.135568179
639,38,14,43.761369628,-107.981482933
637,38,15,43.761369628,-106.827397687
644,38,16,43.761369628,-105.673312441
643,38,17,43.761369628,-104.519227195
642,38,18,43.761369628,-103.365141949
644,38,19,43.761369628,-102.211056703
638,38,20,43.761369628,-101.056971457
647,38,21,43.761369628,-99.902886211
642,38,22,43.761369628,-98.748800965
639,38,23,43.761369628,-97.594715719
638,38,24,43.761369628,-96.440630473
637,38,25,43.761369628,-95.286545227
643,38,26,43.761369628,-94.132459981
646,38,27,43.761369628,-92.978374735
637,38,28,43.761369628,-91.824289489
641,38,29,43.761369628,-90.670204243
637,38,30,43.761369628,-89.516118997
638,38,31,43.761369628,-88.362033751
34,38,32,43.761369628,-87.207948505
554,38,33,43.761369628,-86.053863259
637,38,34,43.761369628,-84.899778013
430,38,35,43.761369628,-83.745692767
293,38,36,43.761369628,-82.591607521
0,38,37,43.761369628,-81.437522275
0,38,38,43.761369628,-80.283437029
0,38,39,43.761369628,-79.129351783
0,38,40,43.761369628,-77.975266537
3,38,41,43.761369628,-76.821181291
616,38,42,43.761369628,-75.667096045
639,38,43,43.761369628,-74.513010799
645,38,44,43.761369628,-73.358925553
638,38,45,43.761369628,-72.204840307
642,38,46,43.761369628,-71.050755061
279,38,47,43.761369628,-69.896669815
8,38,48,43.761369628,-68.742584569
0,38,49,43.761369628,-67.588499323
304,39,0,44.247263156,-124.138676377
644,39,1,44.247263156,-122.984591131
637,39,2,44.247263156,-121.830505885
646,39,3,44.247263156,-120.676420639
642,39,4,44.247263156,-119.522335393
644,39,5,44.247263156,-118.368250147
642,39,6,44.247263156,-117.214164901
643,39,7,44.247263156,-116.060079655
642,39,8,44.247263156,-114.905994409
647,39,9,44.247263156,-113.751909163
638,39,10,44.247263156,-112.597823917
641,39,11,44.247263156,-111.443738671
639,39,12,44.247263156,-110.289653425
647,39,13,44.247263156,-109.135568179
635,39,14,44.247263156,-107.981482933
639,39,15,44.247263156,-106.827397687
636,39,16,44.247263156,-105.673312441
633,39,17,44.247263156,-104.519227195
648,39,18,44.247263156,-103.365141949
642,39,19,44.247263156,-102.211056703
637,39,20,44.247263156,-101.056971457
639,39,21,44.247263156,-99.902886211
643,39,22,44.247263156,-98.748800965
638,39,23,44.247263156,-97.594715719
644,39,24,44.247263156,-96.440630473
638,39,25,44.247263156,-95.286545227
634,39,26,44.247263156,-94.132459981
637,39,27,44.247263156,-92.978374735
646,39,28,44.247263156,-91.824289489
636,39,29,44.247263156,-90.670204243
638,39,30,44.247263156,-89.516118997
649,39,31,44.247263156,-88.362033751
127,39,32,44.247263156,-87.207948505
486,39,33,44.247263156,-86.053863259
649,39,34,44.247263156,-84.899778013
469,39,35,44.247263156,-83.745692767
14,39,36,44.247263156,-82.591607521
0,39,37,44.247263156,-81.437522275
0,39,38,44.247263156,-80.283437029
0,39,39,44.247263156,-79.129351783
0,39,40,44.247263156,-77.975266537
12,39,41,44.247263156,-76.821181291
535,39,42,44.247263156,-75.667096045
639,39,43,44.247263156,-74.513010799
644,39,44,44.247263156,-73.358925553
643,39,45,44.247263156,-72.204840307
639,39,46,44.247263156,-71.050755061
638,39,47,44.247263156,-69.896669815
270,39,48,44.247263156,-68.742584569
16,39,49,44.247263156,-67.588499323
284,40,0,44.733156684,-124.138676377
635,40,1,44.733156684,-122.984591131
644,40,2,44.733156684,-121.830505885
636,40,3,44.733156684,-120.676420639
641,40,4,44.733156684,-119.522335393
646,40,5,44.733156684,-118.368250147
637,40,6,44.733156684,-117.214164901
636,40,7,44.733156684,-116.060079655
644,40,8,44.733156684,-114.905994409
630,40,9,44.733156684,-113.751909163
642,40,10,44.733156684,-112.597823917
640,40,11,44.733156684,-111.443738671
642,40,12,44.733156684,-110.289653425
632,40,13,44.733156684,-109.135568179
647,40,14,44.733156684,-107.981482933
639,40,15,44.733156684,-106.827397687
647,40,16,44.733156684,-105.673312441
645,40,17,44.733156684,-104.519227195
640,40,18,44.733156684,-103.365141949
631,40,19,44.733156684,-102.211056703
644,40,20,44.733156684,-101.056971457
640,40,21,44.733156684,-99.902886211
641,40,22,44.733156684,-98.748800965
635,40,23,44.733156684,-97.594715719
639,40,24,44.733156684,-96.440630473
641,40,25,44.733156684,-95.286545227
649,40,26,44.733156684,-94.132459981
643,40,27,44.733156684,-92.978374735
641,40,28,44.733156684,-91.824289489
640,40,29,44.733156684,-90.670204243
643,40,30,44.733156684,-89.516118997
573,40,31,44.733156684,-88.362033751
171,40,32,44.733156684,-87.207948505
329,40,33,44.733156684,-86.053863259
637,40,34,44.733156684,-84.899778013
549,40,35,44.733156684,-83.745692767
0,40,36,44.733156684,-82.591607521
0,40,37,44.733156684,-81.437522275
0,40,38,44.733156684,-80.283437029
0,40,39,44.733156684,-79.129351783
0,40,40,44.733156684,-77.975266537
0,40,41,44.733156684,-76.821181291
184,40,42,44.733156684,-75.667096045
638,40,43,44.733156684,-74.513010799
635,40,44,44.733156684,-73.358925553
640,40,45,44.733156684,-72.204840307
640,40,46,44.733156684,-71.050755061
644,40,47,44.733156684,-69.896669815
630,40,48,44.733156684,-68.742584569
491,40,49,44.733156684,-67.588499323
232,41,0,45.219050212,-124.138676377
643,41,1,45.219050212,-122.984591131
640,41,2,45.219050212,-121.830505885
648,41,3,45.219050212,-120.676420639
641,41,4,45.219050212,-119.522335393
644,41,5,45.219050212,-118.368250147
635,41,6,45.219050212,-117.214164901
633,41,7,45.219050212,-116.060079655
642,41,8,45.219050212,-114.905994409
653,41,9,45.219050212,-113.751909163
647,41,10,45.219050212,-112.597823917
640,41,11,45.219050212,-111.443738671
643,41,12,45.219050212,-110.289653425
639,41,13,45.219050212,-109.135568179
643,41,14,45.219050212,-107.981482933
638,41,15,45.219050212,-106.827397687
639,41,16,45.219050212,-105.673312441
645,41,17,45.219050212,-104.519227195
640,41,18,45.219050212,-103.365141949
641,41,19,45.219050212,-102.211056703
645,41,20,45.219050212,-101.056971457
635,41,21,45.219050212,-99.902886211
642,41,22,45.219050212,-98.748800965
646,41,23,45.219050212,-97.594715719
642,41,24,45.219050212,-96.440630473
649,41,25,45.219050212,-95.286545227
637,41,26,45.219050212,-94.132459981
637,41,27,45.219050212,-92.978374735
639,41,28,45.219050212,-91.824289489
644,41,29,45.219050212,-90.670204243
644,41,30,45.219050212,-89.516118997
640,41,31,45.219050212,-88.362033751
212,41,32,45.219050212,-87.207948505
27,41,33,45.219050212,-86.053863259
538,41,34,45.219050212,-84.899778013
474,41,35,45.219050212,-83.745692767
0,41,36,45.219050212,-82.591607521
0,41,37,45.219050212,-81.437522275
0,41,38,45.219050212,-80.283437029
0,41,39,45.219050212,-79.129351783
0,41,40,45.219050212,-77.975266537
0,41,41,45.219050212,-76.821181291
0,41,42,45.219050212,-75.667096045
15,41,43,45.219050212,-74.513010799
40,41,44,45.219050212,-73.358925553
37,41,45,45.219050212,-72.204840307
400,41,46,45.219050212,-71.050755061
647,41,47,45.219050212,-69.896669815
641,41,48,45.219050212,-68.742584569
465,41,49,45.219050212,-67.588499323
220,42,0,45.70494374,-124.138676377
639,42,1,45.70494374,-122.984591131
638,42,2,45.70494374,-121.830505885
637,42,3,45.70494374,-120.676420639
641,42,4,45.70494374,-119.522335393
636,42,5,45.70494374,-118.368250147
641,42,6,45.70494374,-117.214164901
644,42,7,45.70494374,-116.060079655
644,42,8,45.70494374,-114.905994409
629,42,9,45.70494374,-113.751909163
637,42,10,45.70494374,-112.597823917
638,42,11,45.70494374,-111.443738671
646,42,12,45.70494374,-110.289653425
647,42,13,45.70494374,-109.135568179
637,42,14,45.70494374,-107.981482933
641,42,15,45.70494374,-106.827397687
643,42,16,45.70494374,-105.673312441
637,42,17,45.70494374,-104.519227195
639,42,18,45.70494374,-103.365141949
641,42,19,45.70494374,-102.211056703
637,42,20,45.70494374,-101.056971457
644,42,21,45.70494374,-99.902886211
644,42,22,45.70494374,-98.748800965
640,42,23,45.70494374,-97.594715719
638,42,24,45.70494374,-96.440630473
640,42,25,45.70494374,-95.286545227
640,42,26,45.70494374,-94.132459981
643,42,27,45.70494374,-92.978374735
644,42,28,45.70494374,-91.824289489
641,42,29,45.70494374,-90.670204243
639,42,30,45.70494374,-89.516118997
644,42,31,45.70494374,-88.362033751
458,42,32,45.70494374,-87.207948505
73,42,33,45.70494374,-86.053863259
232,42,34,45.70494374,-84.899778013
41,42,35,45.70494374,-83.745692767
0,42,36,45.70494374,-82.591607521
0,42,37,45.70494374,-81.437522275
0,42,38,45.70494374,-80.283437029
0,42,39,45.70494374,-79.129351783
0,42,40,45.70494374,-77.975266537
0,42,41,45.70494374,-76.821181291
0,42,42,45.70494374,-75.667096045
0,42,43,45.70494374,-74.513010799
0,42,44,45.70494374,-73.358925553
0,42,45,45.70494374,-72.204840307
43,42,46,45.70494374,-71.050755061
602,42,47,45.70494374,-69.896669815
634,42,48,45.70494374,-68.742584569
262,42,49,45.70494374,-67.588499323
187,43,0,46.190837268,-124.138676377
631,43,1,46.190837268,-122.984591131
647,43,2,46.190837268,-121.830505885
646,43,3,46.190837268,-120.676420639
634,43,4,46.190837268,-119.522335393
645,43,5,46.190837268,-118.368250147
642,43,6,46.190837268,-117.214164901
643,43,7,46.190837268,-116.060079655
639,43,8,46.190837268,-114.905994409
641,43,9,46.190837268,-113.751909163
645,43,10,46.190837268,-112.597823917
637,43,11,46.190837268,-111.443738671
642,43,12,46.190837268,-110.289653425
643,43,13,46.190837268,-109.135568179
644,43,14,46.190837268,-107.981482933
641,43,15,46.190837268,-106.827397687
637,43,16,46.190837268,-105.673312441
643,43,17,46.190837268,-104.519227195
644,43,18,46.190837268,-103.365141949
641,43,19,46.190837268,-102.211056703
638,43,20,46.190837268,-101.056971457
643,43,21,46.190837268,-99.902886211
639,43,22,46.190837268,-98.748800965
642,43,23,46.190837268,-97.594715719
641,43,24,46.190837268,-96.440630473
644,43,25,46.190837268,-95.286545227
641,43,26,46.190837268,-94.132459981
645,43,27,46.190837268,-92.978374735
639,43,28,46.190837268,-91.824289489
638,43,29,46.190837268,-90.670204243
639,43,30,46.190837268,-89.516118997
641,43,31,46.190837268,-88.362033751
635,43,32,46.190837268,-87.207948505
612,43,33,46.190837268,-86.053863259
547,43,34,46.190837268,-84.899778013
132,43,35,46.190837268,-83.745692767
0,43,36,46.190837268,-82.591607521
0,43,37,46.190837268,-81.437522275
0,43,38,46.190837268,-80.283437029
0,43,39,46.190837268,-79.129351783
0,43,40,46.190837268,-77.975266537
0,43,41,46.190837268,-76.821181291
0,43,42,46.190837268,-75.667096045
0,43,43,46.190837268,-74.513010799
0,43,44,46.190837268,-73.358925553
0,43,45,46.190837268,-72.204840307
0,43,46,46.190837268,-71.050755061
515,43,47,46.190837268,-69.896669815
649,43,48,46.190837268,-68.742584569
210,43,49,46.190837268,-67.588499323
240,44,0,46.676730796,-124.138676377
643,44,1,46.676730796,-122.984591131
638,44,2,46.676730796,-121.830505885
638,44,3,46.676730796,-120.676420639
638,44,4,46.676730796,-119.522335393
646,44,5,46.676730796,-118.368250147
640,44,6,46.676730796,-117.214164901
642,44,7,46.676730796,-116.060079655
640,44,8,46.676730796,-114.905994409
639,44,9,46.676730796,-113.751909163
638,44,10,46.676730796,-112.597823917
640,44,11,46.676730796,-111.443738671
635,44,12,46.676730796,-110.289653425
640,44,13,46.676730796,-109.135568179
640,44,14,46.676730796,-107.981482933
645,44,15,46.676730796,-106.827397687
642,44,16,46.676730796,-105.673312441
645,44,17,46.676730796,-104.519227195
642,44,18,46.676730796,-103.365141949
637,44,19,46.676730796,-102.211056703
642,44,20,46.676730796,-101.056971457
642,44,21,46.676730796,-99.902886211
639,44,22,46.676730796,-98.748800965
642,44,23,46.676730796,-97.594715719
638,44,24,46.676730796,-96.440630473
641,44,25,46.676730796,-95.286545227
638,44,26,46.676730796,-94.132459981
638,44,27,46.676730796,-92.978374735
484,44,28,46.676730796,-91.824289489
366,44,29,46.676730796,-90.670204243
536,44,30,46.676730796,-89.516118997
613,44,31,46.676730796,-88.362033751
183,44,32,46.676730796,-87.207948505
261,44,33,46.676730796,-86.053863259
187,44,34,46.676730796,-84.899778013
2,44,35,46.676730796,-83.745692767
0,44,36,46.676730796,-82.591607521
0,44,37,46.676730796,-81.437522275
0,44,38,46.676730796,-80.283437029
0,44,39,46.676730796,-79.129351783
0,44,40,46.676730796,-77.975266537
0,44,41,46.676730796,-76.821181291
0,44,42,46.676730796,-75.667096045
0,44,43,46.676730796,-74.513010799
0,44,44,46.676730796,-73.358925553
0,44,45,46.676730796,-72.204840307
0,44,46,46.676730796,-71.050755061
347,44,47,46.676730796,-69.896669815
633,44,48,46.676730796,-68.742584569
203,44,49,46.676730796,-67.588499323
341,45,0,47.162624324,-124.138676377
507,45,1,47.162624324,-122.984591131
629,45,2,47.162624324,-121.830505885
637,45,3,47.162624324,-120.676420639
640,45,4,47.162624324,-119.522335393
640,45,5,47.162624324,-118.368250147
644,45,6,47.162624324,-117.214164901
636,45,7,47.162624324,-116.060079655
648,45,8,47.162624324,-114.905994409
632,45,9,47.162624324,-113.751909163
646,45,10,47.162624324,-112.597823917
637,45,11,47.162624324,-111.443738671
631,45,12,47.162624324,-110.289653425
640,45,13,47.162624324,-109.135568179
640,45,14,47.162624324,-107.981482933
638,45,15,47.162624324,-106.827397687
637,45,16,47.162624324,-105.673312441
643,45,17,47.162624324,-104.519227195
640,45,18,47.162624324,-103.365141949
637,45,19,47.162624324,-102.211056703
644,45,20,47.162624324,-101.056971457
645,45,21,47.162624324,-99.902886211
641,45,22,47.162624324,-98.748800965
645,45,23,47.162624324,-97.594715719
634,45,24,47.162624324,-96.440630473
644,45,25,47.162624324,-95.286545227
642,45,26,47.162624324,-94.132459981
637,45,27,47.162624324,-92.978374735
525,45,28,47.162624324,-91.824289489
14,45,29,47.162624324,-90.670204243
20,45,30,47.162624324,-89.516118997
271,45,31,47.162624324,-88.362033751
0,45,32,47.162624324,-87.207948505
0,45,33,47.162624324,-86.053863259
0,45,34,47.162624324,-84.899778013
0,45,35,47.162624324,-83.745692767
0,45,36,47.162624324,-82.591607521
0,45,37,47.162624324,-81.437522275
0,45,38,47.162624324,-80.283437029
0,45,39,47.162624324,-79.129351783
0,45,40,47.162624324,-77.975266537
0,45,41,47.162624324,-76.821181291
0,45,42,47.162624324,-75.667096045
0,45,43,47.162624324,-74.513010799
0,45,44,47.162624324,-73.358925553
0,45,45,47.162624324,-72.204840307
0,45,46,47.162624324,-71.050755061
110,45,47,47.162624324,-69.896669815
499,45,48,47.162624324,-68.742584569
114,45,49,47.162624324,-67.588499323
474,46,0,47.648517852,-124.138676377
513,46,1,47.648517852,-122.984591131
630,46,2,47.648517852,-121.830505885
642,46,3,47.648517852,-120.676420639
648,46,4,47.648517852,-119.522335393
643,46,5,47.648517852,-118.368250147
640,46,6,47.648517852,-117.214164901
643,46,7,47.648517852,-116.060079655
639,46,8,47.648517852,-114.905994409
642,46,9,47.648517852,-113.751909163
645,46,10,47.648517852,-112.597823917
644,46,11,47.648517852,-111.443738671
650,46,12,47.648517852,-110.289653425
641,46,13,47.648517852,-109.135568179
641,46,14,47.648517852,-107.981482933
644,46,15,47.648517852,-106.827397687
648,46,16,47.648517852,-105.673312441
630,46,17,47.648517852,-104.519227195
637,46,18,47.648517852,-103.365141949
649,46,19,47.648517852,-102.211056703
641,46,20,47.648517852,-101.056971457
632,46,21,47.648517852,-99.902886211
644,46,22,47.648517852,-98.748800965
637,46,23,47.648517852,-97.594715719
643,46,24,47.648517852,-96.440630473
635,46,25,47.648517852,-95.286545227
636,46,26,47.648517852,-94.132459981
641,46,27,47.648517852,-92.978374735
642,46,28,47.648517852,-91.824289489
373,46,29,47.648517852,-90.670204243
27,46,30,47.648517852,-89.516118997
32,46,31,47.648517852,-88.362033751
5,46,32,47.648517852,-87.207948505
0,46,33,47.648517852,-86.053863259
0,46,34,47.648517852,-84.899778013
0,46,35,47.648517852,-83.745692767
0,46,36,47.648517852,-82.591607521
0,46,37,47.648517852,-81.437522275
0,46,38,47.648517852,-80.283437029
0,46,39,47.648517852,-79.129351783
0,46,40,47.648517852,-77.975266537
0,46,41,47.648517852,-76.821181291
0,46,42,47.648517852,-75.667096045
0,46,43,47.648517852,-74.513010799
0,46,44,47.648517852,-73.358925553
0,46,45,47.648517852,-72.204840307
0,46,46,47.648517852,-71.050755061
0,46,47,47.648517852,-69.896669815
9,46,48,47.648517852,-68.742584569
0,46,49,47.648517852,-67.588499323
426,47,0,48.13441138,-124.138676377
303,47,1,48.13441138,-122.984591131
610,47,2,48.13441138,-121.830505885
646,47,3,48.13441138,-120.676420639
645,47,4,48.13441138,-119.522335393
644,47,5,48.13441138,-118.368250147
635,47,6,48.13441138,-117.214164901
641,47,7,48.13441138,-116.060079655
647,47,8,48.13441138,-114.905994409
638,47,9,48.13441138,-113.751909163
639,47,10,48.13441138,-112.597823917
639,47,11,48.13441138,-111.443738671
637,47,12,48.13441138,-110.289653425
641,47,13,48.13441138,-109.135568179
645,47,14,48.13441138,-107.981482933
645,47,15,48.13441138,-106.827397687
633,47,16,48.13441138,-105.673312441
642,47,17,48.13441138,-104.519227195
652,47,18,48.13441138,-103.365141949
634,47,19,48.13441138,-102.211056703
643,47,20,48.13441138,-101.056971457
639,47,21,48.13441138,-99.902886211
639,47,22,48.13441138,-98.748800965
641,47,23,48.13441138,-97.594715719
649,47,24,48.13441138,-96.440630473
636,47,25,48.13441138,-95.286545227
646,47,26,48.13441138,-94.132459981
636,47,27,48.13441138,-92.978374735
408,47,28,48.13441138,-91.824289489
312,47,29,48.13441138,-90.670204243
88,47,30,48.13441138,-89.516118997
35,47,31,48.13441138,-88.362033751
0,47,32,48.13441138,-87.207948505
0,47,33,48.13441138,-86.053863259
0,47,34,48.13441138,-84.899778013
0,47,35,48.13441138,-83.745692767
0,47,36,48.13441138,-82.591607521
0,47,37,48.13441138,-81.437522275
0,47,38,48.13441138,-80.283437029
0,47,39,48.13441138,-79.129351783
0,47,40,48.13441138,-77.975266537
0,47,41,48.13441138,-76.821181291
0,47,42,48.13441138,-75.667096045
0,47,43,48.13441138,-74.513010799
0,47,44,48.13441138,-73.358925553
0,47,45,48.13441138,-72.204840307
0,47,46,48.13441138,-71.050755061
0,47,47,48.13441138,-69.896669815
0,47,48,48.13441138,-68.742584569
0,47,49,48.13441138,-67.588499323
0,48,0,48.620304908,-124.138676377
111,48,1,48.620304908,-122.984591131
638,48,2,48.620304908,-121.830505885
636,48,3,48.620304908,-120.676420639
638,48,4,48.620304908,-119.522335393
640,48,5,48.620304908,-118.368250147
643,48,6,48.620304908,-117.214164901
637,48,7,48.620304908,-116.060079655
635,48,8,48.620304908,-114.905994409
653,48,9,48.620304908,-113.751909163
638,48,10,48.620304908,-112.597823917
644,48,11,48.620304908,-111.443738671
643,48,12,48.620304908,-110.289653425
639,48,13,48.620304908,-109.135568179
635,48,14,48.620304908,-107.981482933
644,48,15,48.620304908,-106.827397687
640,48,16,48.620304908,-105.673312441
638,48,17,48.620304908,-104.519227195
637,48,18,48.620304908,-103.365141949
644,48,19,48.620304908,-102.211056703
643,48,20,48.620304908,-101.056971457
648,48,21,48.620304908,-99.902886211
635,48,22,48.620304908,-98.748800965
644,48,23,48.620304908,-97.594715719
637,48,24,48.620304908,-96.440630473
638,48,25,48.620304908,-95.286545227
349,48,26,48.620304908,-94.132459981
244,48,27,48.620304908,-92.978374735
0,48,28,48.620304908,-91.824289489
0,48,29,48.620304908,-90.670204243
0,48,30,48.620304908,-89.516118997
0,48,31,48.620304908,-88.362033751
0,48,32,48.620304908,-87.207948505
0,48,33,48.620304908,-86.053863259
0,48,34,48.620304908,-84.899778013
0,48,35,48.620304908,-83.745692767
0,48,36,48.620304908,-82.591607521
0,48,37,48.620304908,-81.437522275
0,48,38,48.620304908,-80.283437029
0,48,39,48.620304908,-79.129351783
0,48,40,48.620304908,-77.975266537
0,48,41,48.620304908,-76.821181291
0,48,42,48.620304908,-75.667096045
0,48,43,48.620304908,-74.513010799
0,48,44,48.620304908,-73.358925553
0,48,45,48.620304908,-72.204840307
0,48,46,48.620304908,-71.050755061
0,48,47,48.620304908,-69.896669815
0,48,48,48.620304908,-68.742584569
0,48,49,48.620304908,-67.588499323
0,49,0,49.106198436,-124.138676377
58,49,1,49.106198436,-122.984591131
176,49,2,49.106198436,-121.830505885
175,49,3,49.106198436,-120.676420639
176,49,4,49.106198436,-119.522335393
182,49,5,49.106198436,-118.368250147
183,49,6,49.106198436,-117.214164901
177,49,7,49.106198436,-116.060079655
180,49,8,49.106198436,-114.905994409
174,49,9,49.106198436,-113.751909163
180,49,10,49.106198436,-112.597823917
177,49,11,49.106198436,-111.443738671
184,49,12,49.106198436,-110.289653425
186,49,13,49.106198436,-109.135568179
184,49,14,49.106198436,-107.981482933
180,49,15,49.106198436,-106.827397687
176,49,16,49.106198436,-105.673312441
182,49,17,49.106198436,-104.519227195
180,49,18,49.106198436,-103.365141949
179,49,19,49.106198436,-102.211056703
182,49,20,49.106198436,-101.056971457
178,49,21,49.106198436,-99.902886211
179,49,22,49.106198436,-98.748800965
175,49,23,49.106198436,-97.594715719
184,49,24,49.106198436,-96.440630473
330,49,25,49.106198436,-95.286545227
2,49,26,49.106198436,-94.132459981
0,49,27,49.106198436,-92.978374735
0,49,28,49.106198436,-91.824289489
0,49,29,49.106198436,-90.670204243
0,49,30,49.106198436,-89.516118997
0,49,31,49.106198436,-88.362033751
0,49,32,49.106198436,-87.207948505
0,49,33,49.106198436,-86.053863259
0,49,34,49.106198436,-84.899778013
0,49,35,49.106198436,-83.745692767
0,49,36,49.106198436,-82.591607521
0,49,37,49.106198436,-81.437522275
0,49,38,49.106198436,-80.283437029
0,49,39,49.106198436,-79.129351783
0,49,40,49.106198436,-77.975266537
0,49,41,49.106198436,-76.821181291
0,49,42,49.106198436,-75.667096045
0,49,43,49.106198436,-74.513010799
0,49,44,49.106198436,-73.358925553
0,49,45,49.106198436,-72.204840307
0,49,46,49.106198436,-71.050755061
0,49,47,49.106198436,-69.896669815
0,49,48,49.106198436,-68.742584569
0,49,49,49.106198436,-67.588499323
